id,label
20800,6.121651e-05
20801,0.99999404
20802,0.9999974
20803,0.00018650293
20804,0.99961543
20805,0.9999994
20806,0.011464089
20807,0.9999996
20808,0.9999996
20809,0.99999857
20810,0.9999983
20811,0.0046394467
20812,0.99999964
20813,0.9999987
20814,0.99999803
20815,8.963197e-05
20816,0.0005454123
20817,0.000107997155
20818,0.99999547
20819,0.00023591518
20820,0.9999995
20821,0.40747327
20822,0.99999857
20823,0.9999994
20824,0.7306231
20825,9.5087176e-05
20826,0.9999163
20827,0.00015744567
20828,0.00028458238
20829,0.99999857
20830,0.005183786
20831,0.9998338
20832,9.5221934e-05
20833,0.000105232335
20834,0.99999875
20835,0.00020262599
20836,0.000102668055
20837,0.9999993
20838,0.9999997
20839,8.9034926e-05
20840,0.0003796816
20841,0.0002206862
20842,0.99999857
20843,0.00011303162
20844,0.03778091
20845,0.99999857
20846,5.6893623e-05
20847,0.000115846575
20848,0.99999857
20849,0.9999994
20850,0.0001257956
20851,0.99999934
20852,0.0001579225
20853,0.95781994
20854,0.99999857
20855,0.00026768446
20856,0.9999976
20857,0.00027030706
20858,0.00066685677
20859,0.0009607971
20860,0.97529954
20861,0.9999989
20862,0.99999934
20863,0.0005643964
20864,0.99990565
20865,0.9999981
20866,0.9999982
20867,0.9999996
20868,0.9999993
20869,4.376845e-05
20870,0.727814
20871,0.99999166
20872,0.9999995
20873,9.298348e-05
20874,0.00050124526
20875,0.0005508065
20876,7.022022e-05
20877,0.000103140286
20878,0.0071875155
20879,0.00019016862
20880,6.412254e-05
20881,0.99999905
20882,0.00022166967
20883,0.9999982
20884,0.9999994
20885,0.99999964
20886,5.4702377e-05
20887,0.00054883957
20888,0.000109181026
20889,0.00041663647
20890,0.9999995
20891,6.5155065e-05
20892,5.9552516e-05
20893,0.99999964
20894,0.99999964
20895,9.021013e-05
20896,6.227958e-05
20897,4.9089824e-05
20898,0.9999994
20899,0.9918941
20900,0.00017929077
20901,0.9999995
20902,9.2901406e-05
20903,9.761988e-05
20904,8.502565e-05
20905,0.00010063543
20906,0.9995228
20907,7.1753806e-05
20908,0.9999996
20909,0.9999986
20910,0.9938264
20911,0.99999964
20912,4.3029726e-05
20913,0.00030991435
20914,5.532339e-05
20915,0.00022476912
20916,9.682012e-05
20917,0.99999917
20918,0.0019023418
20919,0.99999213
20920,0.00051787496
20921,0.031130433
20922,0.9999994
20923,0.9999946
20924,0.0053455234
20925,0.99999857
20926,0.99999917
20927,0.99999404
20928,0.99999917
20929,0.00030007958
20930,0.9999997
20931,0.00025504827
20932,0.6575016
20933,8.724816e-05
20934,0.99912775
20935,0.00026264787
20936,4.448014e-05
20937,0.9999967
20938,0.9999993
20939,0.9999963
20940,0.99999714
20941,0.0002360642
20942,0.9999986
20943,0.9993992
20944,0.9999994
20945,6.45819e-05
20946,0.9999994
20947,0.99998283
20948,0.00016862154
20949,0.00027433038
20950,0.9999994
20951,0.5841034
20952,0.00021061301
20953,0.99998367
20954,0.0003066361
20955,0.9999964
20956,0.010622293
20957,0.999997
20958,0.0002259016
20959,0.9999981
20960,0.999998
20961,0.99999964
20962,0.87043613
20963,0.9999995
20964,0.9999409
20965,0.99999946
20966,6.345441e-05
20967,0.9999987
20968,0.99999857
20969,0.0009586513
20970,0.9999993
20971,8.2815895e-05
20972,0.0005553663
20973,0.999998
20974,7.255552e-05
20975,0.99997735
20976,0.0005416572
20977,0.00011248835
20978,0.0002489388
20979,0.0009061098
20980,0.00017732382
20981,0.00022646785
20982,9.059621e-05
20983,0.9999977
20984,0.01656872
20985,0.99999976
20986,0.999999
20987,0.00053176284
20988,0.99973035
20989,0.00029450655
20990,0.99994457
20991,0.00062409043
20992,0.00023043156
20993,0.00018811226
20994,0.9999988
20995,0.99999845
20996,0.9999989
20997,5.881741e-05
20998,0.9999986
20999,0.99993
21000,0.00012591481
21001,0.99999857
21002,0.00014704466
21003,0.9999994
21004,0.99999857
21005,0.9999995
21006,0.9999959
21007,0.9999981
21008,9.85321e-05
21009,0.0049506426
21010,6.85939e-05
21011,0.9999986
21012,0.008574337
21013,0.0009890795
21014,0.9999993
21015,0.999999
21016,0.9999988
21017,0.9999978
21018,8.9775436e-05
21019,0.99998844
21020,0.00013703108
21021,0.9999988
21022,0.00066271424
21023,0.029276162
21024,0.9999853
21025,0.99999917
21026,0.999997
21027,0.99999416
21028,9.296584e-05
21029,7.919784e-05
21030,0.00051525235
21031,0.0015905201
21032,0.0016078055
21033,0.9999982
21034,0.99999905
21035,0.99999833
21036,0.99999547
21037,0.9999989
21038,0.9999995
21039,0.00015562773
21040,0.9999986
21041,0.9999987
21042,0.00019073486
21043,0.9999986
21044,0.9999996
21045,0.00035479665
21046,0.000111814
21047,0.9999989
21048,0.015162647
21049,0.99999857
21050,0.9999989
21051,0.9999986
21052,0.99999976
21053,7.043733e-05
21054,0.99999785
21055,8.9111294e-05
21056,0.029564887
21057,0.9999991
21058,0.9999992
21059,0.99999857
21060,0.99999964
21061,0.99999905
21062,0.99997354
21063,7.722391e-05
21064,0.9999996
21065,0.9999995
21066,0.9999933
21067,0.003178686
21068,0.00015416741
21069,0.99999857
21070,0.0002747178
21071,0.00065746903
21072,0.34943056
21073,0.99999934
21074,7.046488e-05
21075,0.00022736192
21076,0.0001513362
21077,0.000101088866
21078,0.00033140182
21079,0.9999993
21080,0.9999988
21081,0.9999967
21082,0.99999666
21083,0.9999982
21084,0.99999905
21085,7.786165e-05
21086,7.59363e-05
21087,0.99999964
21088,0.000485152
21089,0.9999577
21090,0.00014260411
21091,0.9999995
21092,9.241927e-05
21093,0.99999857
21094,0.99999523
21095,0.9999993
21096,0.48814568
21097,0.00012648106
21098,0.7704623
21099,0.0001361072
21100,3.7434427e-05
21101,0.0012841523
21102,0.99999905
21103,0.9999994
21104,0.99999857
21105,0.9999992
21106,0.9999988
21107,0.9999994
21108,0.9999995
21109,0.00011760515
21110,0.0009678602
21111,0.9999973
21112,0.9999763
21113,0.0006622374
21114,0.0011312664
21115,0.99999917
21116,0.00013178587
21117,0.99996495
21118,0.00383842
21119,0.99999094
21120,0.007001281
21121,0.00010763112
21122,0.00021356344
21123,0.36383292
21124,0.00031632185
21125,0.795907
21126,0.99999857
21127,0.0002297461
21128,7.204618e-05
21129,0.99976885
21130,0.9999991
21131,0.9999973
21132,0.99999857
21133,0.9999993
21134,0.000179708
21135,0.9999995
21136,0.9973923
21137,0.00012940168
21138,6.985726e-05
21139,0.99996907
21140,0.9999995
21141,6.1926294e-05
21142,0.9999994
21143,9.832831e-05
21144,0.99999845
21145,7.6277574e-05
21146,0.99700665
21147,0.99999267
21148,0.9994515
21149,0.99999946
21150,0.00010121582
21151,0.00029793382
21152,0.9999994
21153,0.9999771
21154,8.961351e-05
21155,0.9999993
21156,0.99999666
21157,0.9999895
21158,0.9999838
21159,8.428339e-05
21160,0.9999994
21161,0.01683104
21162,0.0010814071
21163,0.9999995
21164,0.9999988
21165,5.99689e-05
21166,0.9999987
21167,0.99999917
21168,7.9344725e-05
21169,4.987239e-05
21170,0.00018262863
21171,0.99999785
21172,0.055765957
21173,0.978335
21174,0.9999993
21175,0.003142327
21176,0.005045533
21177,0.9999975
21178,8.3646155e-05
21179,0.0015339851
21180,0.0010513663
21181,0.9999125
21182,0.99973613
21183,0.17135116
21184,0.99999964
21185,0.99999404
21186,0.0002155602
21187,0.99999756
21188,0.0006571114
21189,0.051729232
21190,0.9999995
21191,0.9999994
21192,0.0001886487
21193,0.9999978
21194,0.00065386295
21195,0.99920356
21196,0.9999994
21197,0.00029662251
21198,0.0023863018
21199,9.029001e-05
21200,6.783498e-05
21201,0.00022253394
21202,0.00010809236
21203,0.0012127161
21204,0.9999994
21205,5.2605406e-05
21206,0.9999986
21207,0.9999912
21208,0.00016397238
21209,0.20824602
21210,0.037513077
21211,0.0012555122
21212,8.298628e-05
21213,8.093822e-05
21214,0.9999986
21215,8.040882e-05
21216,0.00012800097
21217,7.2904964e-05
21218,0.8741655
21219,0.9999995
21220,7.46676e-05
21221,0.0036493838
21222,0.9999992
21223,0.00010677479
21224,0.9999989
21225,0.99999976
21226,0.00017637014
21227,0.99774176
21228,0.00013762712
21229,0.0010545552
21230,6.7278525e-05
21231,0.9999977
21232,0.0002797842
21233,0.9999652
21234,0.00010417937
21235,4.3987515e-05
21236,0.00084510446
21237,0.99999696
21238,0.009704202
21239,0.00035184622
21240,0.999999
21241,0.00010443353
21242,0.00031501055
21243,0.0003695488
21244,8.755323e-05
21245,0.03610626
21246,0.00083708763
21247,0.99999976
21248,0.00010125346
21249,0.0003043115
21250,0.99999964
21251,0.999998
21252,0.9999989
21253,0.9999945
21254,0.00078704953
21255,0.9999995
21256,0.00034585595
21257,0.03419298
21258,0.9999995
21259,0.0002860129
21260,0.010879815
21261,0.99999356
21262,0.0023546517
21263,0.0002746582
21264,2.7388449e-05
21265,0.0002834201
21266,0.0060614645
21267,6.241175e-05
21268,8.029472e-05
21269,8.7568755e-05
21270,0.99999833
21271,0.0001372397
21272,4.691426e-05
21273,9.7544966e-05
21274,0.99996334
21275,0.00014019012
21276,0.99998903
21277,0.9999989
21278,0.0003693998
21279,0.99999946
21280,0.45680636
21281,0.9946983
21282,0.99999726
21283,0.0022463202
21284,7.584778e-05
21285,8.251176e-05
21286,0.99999905
21287,0.013707608
21288,0.00019654632
21289,0.00035896897
21290,9.1428665e-05
21291,0.98242545
21292,5.9601152e-05
21293,0.99999785
21294,0.00020760298
21295,0.00015440583
21296,0.00024190545
21297,0.9999992
21298,0.9999898
21299,0.9999765
21300,0.9999995
21301,0.00015223026
21302,0.00038677454
21303,0.99923015
21304,0.9910363
21305,0.99999577
21306,0.00013196468
21307,0.00013053417
21308,0.00025737286
21309,0.9999995
21310,0.9999995
21311,0.9999988
21312,0.99999654
21313,0.00013279915
21314,9.462158e-05
21315,0.9999896
21316,4.74541e-05
21317,5.7899015e-05
21318,0.0026893616
21319,0.00064477324
21320,0.9625854
21321,0.00018954277
21322,0.9997618
21323,0.99999964
21324,0.0002837181
21325,0.021666318
21326,0.00015583634
21327,0.00012749434
21328,0.9999975
21329,0.9999986
21330,0.99999857
21331,0.9999994
21332,0.00010037644
21333,0.99999905
21334,0.9999994
21335,0.0001282394
21336,0.9999996
21337,6.35401e-05
21338,0.999999
21339,0.00015029311
21340,6.342023e-05
21341,0.99999964
21342,0.9999996
21343,0.9999968
21344,9.339354e-05
21345,0.9999958
21346,0.00022646785
21347,4.6842284e-05
21348,0.9999996
21349,0.00025838614
21350,8.003303e-05
21351,0.9999995
21352,0.02275613
21353,0.9999995
21354,0.9997436
21355,0.00085929036
21356,0.9993665
21357,0.000659585
21358,0.00010735658
21359,0.99999946
21360,0.004500419
21361,0.6687564
21362,0.99999976
21363,0.00018936396
21364,0.9999974
21365,0.99999964
21366,0.034968287
21367,0.99999964
21368,0.9999969
21369,0.00010948873
21370,0.99999964
21371,0.0003027916
21372,0.99999565
21373,0.00017485023
21374,5.052942e-05
21375,0.00015896559
21376,0.9999808
21377,0.9999994
21378,0.00010573522
21379,0.91634524
21380,0.00015714765
21381,8.576937e-05
21382,0.9999994
21383,0.99999857
21384,4.404082e-05
21385,0.9999976
21386,0.9999956
21387,0.99999857
21388,8.770817e-05
21389,0.99991024
21390,0.9999996
21391,0.28774607
21392,5.168385e-05
21393,9.0681606e-05
21394,0.00023946166
21395,8.134928e-05
21396,0.00011829717
21397,4.330014e-05
21398,7.272643e-05
21399,0.00054201484
21400,0.9999987
21401,0.003649354
21402,0.9999994
21403,0.9999982
21404,0.00030103326
21405,2.6237578e-05
21406,0.0001223138
21407,0.9999994
21408,7.4177806e-05
21409,0.00076425076
21410,0.9999989
21411,0.99999964
21412,8.616058e-05
21413,0.0016875863
21414,0.000182271
21415,0.9999993
21416,0.9999925
21417,0.00026723742
21418,7.9394835e-05
21419,0.9999994
21420,0.99999845
21421,0.0003607273
21422,0.9999418
21423,0.009283781
21424,0.0014510751
21425,0.9999611
21426,0.34156662
21427,0.000119487246
21428,0.9999993
21429,0.00019463897
21430,0.0089919865
21431,0.99999964
21432,0.000107115535
21433,0.994377
21434,0.0013411641
21435,0.85839164
21436,0.0025098622
21437,0.9999967
21438,0.00016993284
21439,0.99999964
21440,0.055606544
21441,0.99999934
21442,0.99998677
21443,0.99994564
21444,7.9120684e-05
21445,0.9994204
21446,0.99999857
21447,8.5794476e-05
21448,0.9996733
21449,0.9999995
21450,0.9999996
21451,0.99999934
21452,0.0004067719
21453,0.0013636053
21454,0.00014087558
21455,0.99999964
21456,8.774624e-05
21457,0.9999994
21458,8.8227884e-05
21459,5.9726102e-05
21460,0.9999993
21461,0.037282526
21462,0.9467671
21463,0.99990445
21464,0.00071811676
21465,0.00018638372
21466,0.00011032862
21467,6.871915e-05
21468,0.99999887
21469,0.0001628995
21470,0.0014741421
21471,0.9999995
21472,0.99724853
21473,3.515234e-05
21474,0.00012244277
21475,0.0010139048
21476,0.86501074
21477,0.9999996
21478,0.00017043948
21479,0.99999857
21480,0.9999995
21481,0.00018844008
21482,0.9999978
21483,0.8884312
21484,0.17353573
21485,0.9999988
21486,0.9179392
21487,0.9999995
21488,0.99999106
21489,0.00045385957
21490,0.68111706
21491,8.9139e-05
21492,0.9999995
21493,0.99999917
21494,0.0001181595
21495,0.0035642385
21496,0.9999994
21497,0.007012248
21498,0.9999993
21499,4.9652517e-05
21500,0.00044220686
21501,7.8325036e-05
21502,6.389497e-05
21503,0.00018891692
21504,0.999994
21505,0.9999976
21506,0.99999857
21507,0.9982386
21508,0.006263405
21509,0.99999815
21510,0.00017532706
21511,0.99999857
21512,8.2702325e-05
21513,0.99999964
21514,0.00018492341
21515,0.00017264485
21516,0.9999994
21517,0.9999989
21518,6.270576e-05
21519,0.99991965
21520,0.99999887
21521,0.00238505
21522,0.9999995
21523,0.9999795
21524,0.996206
21525,9.3639595e-05
21526,0.00084358454
21527,0.00015744567
21528,0.99999964
21529,0.015014172
21530,0.044353664
21531,0.00010060817
21532,0.00031164289
21533,0.000166893
21534,5.2175274e-05
21535,5.521876e-05
21536,0.00028538704
21537,0.99999917
21538,0.9999975
21539,8.722212e-05
21540,0.9999995
21541,0.026832402
21542,0.00027167797
21543,7.844636e-05
21544,0.99999803
21545,0.0016218424
21546,0.00041031837
21547,0.99999905
21548,0.99915755
21549,0.0015929639
21550,0.9999981
21551,0.99999857
21552,0.9999965
21553,0.9999993
21554,0.021412492
21555,0.999998
21556,0.00021582842
21557,0.001131177
21558,0.99999714
21559,0.999869
21560,0.0021247566
21561,9.9539095e-05
21562,0.00067681074
21563,0.003085792
21564,0.9999995
21565,0.99999857
21566,0.0005196631
21567,0.9997692
21568,0.00018057227
21569,0.0021301508
21570,0.00017827749
21571,0.9999988
21572,0.00039246678
21573,0.9999995
21574,0.00014308095
21575,0.00012499094
21576,0.0007287264
21577,0.99999756
21578,0.9999882
21579,0.9999987
21580,0.9999994
21581,0.99999857
21582,0.99999785
21583,0.9999994
21584,0.9999993
21585,0.99329114
21586,0.9007571
21587,0.9999796
21588,8.443891e-05
21589,0.00026097894
21590,0.00040709972
21591,5.2208623e-05
21592,0.38108847
21593,0.9960089
21594,0.99999833
21595,0.00011333245
21596,0.00023078918
21597,0.99999905
21598,0.00011525591
21599,0.9999987
21600,0.0002349019
21601,0.9999491
21602,0.99978524
21603,0.99999887
21604,0.00015625358
21605,0.00026541948
21606,0.00016447902
21607,0.9999984
21608,2.9379733e-05
21609,0.99999964
21610,0.97393376
21611,0.9999995
21612,0.9999894
21613,0.000195086
21614,0.99926835
21615,0.99952596
21616,0.00023183227
21617,0.00018274784
21618,0.9999952
21619,0.0001527667
21620,5.0992938e-05
21621,0.99989754
21622,0.00013202429
21623,0.99999964
21624,0.9999993
21625,7.7717064e-05
21626,0.9999989
21627,0.9999994
21628,0.9999968
21629,0.9999994
21630,0.00014540553
21631,0.9999995
21632,0.99999046
21633,0.99999917
21634,0.99999946
21635,0.99999976
21636,0.00018393993
21637,0.9999981
21638,0.00023549795
21639,0.9999995
21640,0.9317177
21641,0.99999964
21642,0.00025355816
21643,0.00084766746
21644,0.14881447
21645,0.9999995
21646,0.00047388673
21647,0.00012239361
21648,0.1316787
21649,0.9999994
21650,0.9999925
21651,0.95169514
21652,0.99999857
21653,0.0007213652
21654,0.99999857
21655,0.99999845
21656,0.51080614
21657,0.99999887
21658,0.9999992
21659,0.00014266372
21660,0.9902171
21661,0.9995346
21662,0.0002606809
21663,0.00027421117
21664,0.00011321772
21665,0.9999841
21666,7.057968e-05
21667,0.9999997
21668,0.9999994
21669,4.6449393e-05
21670,0.4334976
21671,0.0013373792
21672,0.000246495
21673,0.47172442
21674,0.0060320497
21675,0.20215994
21676,0.00044986606
21677,0.99999964
21678,0.9999988
21679,0.0002797842
21680,0.48243642
21681,0.9999851
21682,0.999999
21683,0.99999917
21684,0.9999992
21685,0.9999995
21686,0.9999995
21687,0.99999946
21688,0.9999988
21689,0.9999428
21690,0.9999994
21691,7.012486e-05
21692,0.99999976
21693,0.0022069812
21694,0.0018965006
21695,0.99999964
21696,7.8919176e-05
21697,0.0012546778
21698,5.7174286e-05
21699,0.99999964
21700,0.9999997
21701,0.00012424588
21702,0.0527398
21703,6.7678026e-05
21704,0.00058847666
21705,0.99990976
21706,0.00079345703
21707,0.73109734
21708,0.9999994
21709,8.958044e-05
21710,0.000985533
21711,0.0002156198
21712,0.9999995
21713,0.9999994
21714,0.9999994
21715,0.999858
21716,0.99999857
21717,0.00010619614
21718,0.999999
21719,0.00012516975
21720,5.2597883e-05
21721,0.9999984
21722,0.999998
21723,0.99999905
21724,7.5049895e-05
21725,0.99999946
21726,0.9999994
21727,6.614533e-05
21728,0.00021377206
21729,0.99999905
21730,0.9999993
21731,0.0011322498
21732,0.9999996
21733,0.522537
21734,6.0015187e-05
21735,0.99999875
21736,0.00011797495
21737,0.0001321733
21738,0.9999992
21739,0.116245
21740,0.9999997
21741,0.002479732
21742,0.99999857
21743,0.99999946
21744,0.99989843
21745,0.0016500652
21746,0.99999857
21747,0.99999344
21748,0.999998
21749,0.99999857
21750,0.9999993
21751,8.778524e-05
21752,0.0006107986
21753,0.9999945
21754,0.9999994
21755,0.020999193
21756,0.99999946
21757,0.9771988
21758,0.000818491
21759,0.00040140748
21760,0.9999995
21761,8.5527914e-05
21762,0.99999857
21763,0.9999994
21764,0.0004172027
21765,0.9999995
21766,0.9999993
21767,6.3453204e-05
21768,0.00010955108
21769,0.9999989
21770,0.00010171764
21771,2.6749505e-05
21772,0.00018107891
21773,0.400118
21774,0.9999955
21775,4.2455107e-05
21776,0.0023599565
21777,0.3803094
21778,0.99999714
21779,0.00044366717
21780,4.1991396e-05
21781,0.00023120642
21782,0.99997926
21783,3.945381e-05
21784,0.99998176
21785,0.999997
21786,0.00063622
21787,3.91342e-05
21788,0.00046133995
21789,0.9999491
21790,0.9999995
21791,7.735327e-05
21792,0.99007076
21793,8.774088e-05
21794,0.9999996
21795,0.0001668632
21796,0.9961809
21797,0.00010127703
21798,0.9999951
21799,0.00048822165
21800,4.3971155e-05
21801,0.9999986
21802,0.9999992
21803,0.999998
21804,0.0005597174
21805,0.000118285214
21806,0.9999989
21807,0.99999964
21808,0.9999992
21809,0.99999857
21810,0.999999
21811,0.99999857
21812,7.8179364e-05
21813,4.8443704e-05
21814,0.9999984
21815,0.0004852116
21816,0.99999964
21817,0.012536138
21818,0.99999934
21819,6.558991e-05
21820,0.010779381
21821,0.9999995
21822,0.00049483776
21823,6.387286e-05
21824,0.99999726
21825,0.00016343594
21826,0.9999996
21827,0.9999997
21828,0.99999464
21829,0.99999857
21830,0.9999995
21831,0.9999988
21832,5.2366748e-05
21833,0.9999995
21834,0.99999857
21835,0.9999992
21836,0.00042364
21837,0.99999857
21838,5.280873e-05
21839,0.99999887
21840,0.9999988
21841,0.99999845
21842,8.620316e-05
21843,0.9999988
21844,0.99999905
21845,0.00010232955
21846,0.00016629696
21847,0.99999875
21848,0.999999
21849,0.99999833
21850,0.99999917
21851,0.011082113
21852,0.022506893
21853,0.9999995
21854,0.99999726
21855,0.99999845
21856,3.5309415e-05
21857,0.99999785
21858,0.0001488328
21859,0.0010358095
21860,5.8843332e-05
21861,0.9999995
21862,0.99994034
21863,0.99999917
21864,0.0009419024
21865,0.9999995
21866,0.9999989
21867,0.0011087358
21868,0.9999992
21869,0.9999982
21870,0.9999993
21871,0.0001732707
21872,6.270881e-05
21873,0.99999833
21874,0.9999993
21875,0.99999857
21876,0.00019660592
21877,0.00019362569
21878,0.9999977
21879,0.025178403
21880,0.0014637709
21881,0.99999917
21882,0.9999996
21883,0.00050735474
21884,0.00032684207
21885,3.948411e-05
21886,6.46031e-05
21887,0.0002206564
21888,0.99999964
21889,6.509022e-05
21890,0.1683129
21891,3.753166e-05
21892,0.00025001168
21893,7.482813e-05
21894,6.0205333e-05
21895,0.9999964
21896,0.9999987
21897,0.00023660064
21898,0.00012692809
21899,0.99999726
21900,0.0005325973
21901,0.99999917
21902,0.9999995
21903,0.9999996
21904,0.0004619956
21905,0.9999993
21906,0.999865
21907,0.99999905
21908,0.9999969
21909,0.00022253394
21910,0.9885253
21911,0.00010850466
21912,0.001013726
21913,0.00012181847
21914,0.08722064
21915,0.99998236
21916,0.00011379327
21917,0.00036230683
21918,0.00014305115
21919,0.0001475811
21920,0.011039406
21921,0.9999814
21922,0.00010804423
21923,0.0019323826
21924,0.00014564395
21925,0.00083079934
21926,3.7392754e-05
21927,0.00013616681
21928,0.99999404
21929,0.99999917
21930,0.9999993
21931,0.99999905
21932,0.9999989
21933,0.99999934
21934,0.9999987
21935,0.077885896
21936,0.999997
21937,0.99999523
21938,0.99479413
21939,0.9999994
21940,0.74016887
21941,0.00013181567
21942,0.00039070845
21943,0.99999964
21944,0.9997605
21945,0.9999996
21946,0.99999815
21947,0.9999987
21948,0.0003682375
21949,0.0010178685
21950,0.9999939
21951,0.9999994
21952,0.00015604496
21953,0.0002745986
21954,0.9999995
21955,0.9999996
21956,0.00020751357
21957,0.9999995
21958,2.8155337e-05
21959,7.40373e-05
21960,0.99999857
21961,5.6124234e-05
21962,0.00035205483
21963,7.6861754e-05
21964,0.0012228191
21965,0.9999995
21966,0.6182816
21967,0.00010772251
21968,0.99999875
21969,0.004197657
21970,7.0927585e-05
21971,0.99999917
21972,0.00017884374
21973,0.00035330653
21974,0.99852085
21975,0.9999875
21976,0.9999919
21977,5.062343e-05
21978,0.9952818
21979,0.00049215555
21980,0.00067830086
21981,0.9999992
21982,7.2936185e-05
21983,6.992805e-05
21984,0.99999905
21985,0.9999962
21986,0.021161199
21987,0.9999961
21988,7.990224e-05
21989,0.00021612644
21990,0.9618946
21991,0.00089105964
21992,0.99999946
21993,0.99999857
21994,0.9999485
21995,0.9998914
21996,0.00012505054
21997,0.99996173
21998,0.00016981363
21999,0.00058561563
22000,0.99999696
22001,0.9999993
22002,0.9999995
22003,0.999999
22004,0.99977005
22005,0.9999994
22006,0.99999684
22007,0.00014695525
22008,0.00031372905
22009,0.99999684
22010,0.0007638931
22011,0.9999995
22012,0.007757485
22013,8.404468e-05
22014,0.99999905
22015,6.482954e-05
22016,0.00013136864
22017,5.8767117e-05
22018,0.0003515184
22019,0.9999995
22020,0.9999996
22021,0.9999995
22022,0.00020372868
22023,0.9538698
22024,0.99999964
22025,7.039307e-05
22026,0.99999857
22027,0.99999857
22028,0.00026381016
22029,0.999998
22030,0.9999982
22031,0.9994143
22032,0.00011888199
22033,0.99999857
22034,0.9999996
22035,9.2372924e-05
22036,0.00013446808
22037,0.0002991259
22038,0.9999987
22039,0.00031793118
22040,7.926139e-05
22041,0.99599785
22042,0.9999982
22043,0.08336672
22044,8.594073e-05
22045,0.99999905
22046,0.9999559
22047,0.00019443035
22048,5.319181e-05
22049,0.9999994
22050,0.0045490265
22051,6.894536e-05
22052,0.00040593743
22053,0.9999906
22054,0.9999995
22055,0.093628705
22056,0.99999964
22057,0.01604259
22058,0.9990797
22059,0.0033060312
22060,4.0151168e-05
22061,0.9999995
22062,0.99992675
22063,0.00027614832
22064,9.276577e-05
22065,0.9999994
22066,0.9866878
22067,0.0029778779
22068,0.99999964
22069,0.99999964
22070,0.9999994
22071,0.99999964
22072,7.7039935e-05
22073,0.00083357096
22074,0.9999987
22075,0.0004158616
22076,0.00022888184
22077,7.3396994e-05
22078,0.00011137075
22079,0.0005298853
22080,0.00094255805
22081,0.99993753
22082,0.0005431175
22083,0.00039458275
22084,0.0004325807
22085,0.9999993
22086,0.9999995
22087,0.99999976
22088,0.005704671
22089,0.9999963
22090,0.99999857
22091,6.585529e-05
22092,0.99999917
22093,0.98596764
22094,0.00015231967
22095,0.00039485097
22096,0.9999983
22097,0.0004605353
22098,0.9999994
22099,0.00018820167
22100,6.874767e-05
22101,0.00016051531
22102,0.99999857
22103,2.5515941e-05
22104,0.1410726
22105,0.027164906
22106,0.00027424097
22107,0.00010142066
22108,0.9999993
22109,0.00020205975
22110,0.9992254
22111,0.99999964
22112,0.9992081
22113,0.99999857
22114,0.0018602014
22115,0.9999832
22116,0.00024688244
22117,0.00036609173
22118,0.99367595
22119,6.167305e-05
22120,0.99999857
22121,0.99999833
22122,0.9999995
22123,0.97880113
22124,0.8953454
22125,9.9747966e-05
22126,0.999999
22127,0.9999995
22128,0.99999017
22129,0.00016191602
22130,0.99940866
22131,0.9999993
22132,0.00010459789
22133,0.9999977
22134,6.951825e-05
22135,9.906369e-05
22136,0.00015747547
22137,0.99997926
22138,0.0012522042
22139,0.00018048286
22140,0.00086694956
22141,0.00011208186
22142,0.9999989
22143,0.00011963559
22144,0.99999857
22145,7.441886e-05
22146,0.99998593
22147,0.99998534
22148,0.0001058138
22149,0.9999993
22150,0.0015289187
22151,0.00010323919
22152,0.99999964
22153,0.99996686
22154,5.4075183e-05
22155,0.99992305
22156,6.859854e-05
22157,0.9999995
22158,0.9999994
22159,0.99999976
22160,0.9999994
22161,0.9999994
22162,6.3480744e-05
22163,0.31369853
22164,0.00012910366
22165,0.9987793
22166,0.9999995
22167,0.00015896559
22168,0.99999964
22169,0.9999994
22170,0.00057032704
22171,0.00012263583
22172,0.9999992
22173,7.6777214e-05
22174,0.9999694
22175,8.6233995e-05
22176,0.0001784563
22177,0.25648513
22178,0.9999989
22179,9.2092334e-05
22180,0.76624835
22181,0.9999922
22182,0.00011969505
22183,0.00012157556
22184,0.99999964
22185,0.99999964
22186,0.99999833
22187,0.0013224483
22188,0.00020414591
22189,4.6031084e-05
22190,0.99999726
22191,0.00041481853
22192,0.99999964
22193,0.9999994
22194,7.8625744e-05
22195,0.99999344
22196,0.026519597
22197,0.9999993
22198,0.99999857
22199,0.017226249
22200,0.00027626753
22201,0.45480943
22202,0.00087213516
22203,0.9999994
22204,0.9999976
22205,8.663758e-05
22206,9.6350166e-05
22207,0.00010469879
22208,0.99999934
22209,0.99995816
22210,8.414252e-05
22211,0.99999964
22212,0.9999333
22213,0.99999833
22214,0.99999964
22215,8.959198e-05
22216,8.122378e-05
22217,0.99999714
22218,9.4750256e-05
22219,0.9999993
22220,0.006237328
22221,0.999783
22222,0.99999756
22223,0.9999992
22224,0.9999992
22225,0.99999857
22226,0.00010658271
22227,0.00027626753
22228,0.99998033
22229,0.999999
22230,0.99999857
22231,0.99999917
22232,8.2767816e-05
22233,0.0012110472
22234,0.9999503
22235,6.594283e-05
22236,0.99999774
22237,0.9999919
22238,0.9999987
22239,0.99998295
22240,4.3474545e-05
22241,0.00042763352
22242,0.9999951
22243,5.0470662e-05
22244,0.9999989
22245,0.9999962
22246,0.0016644597
22247,0.0011436641
22248,0.9999994
22249,9.6472824e-05
22250,0.9999715
22251,8.723385e-05
22252,0.9999988
22253,0.99999654
22254,8.314923e-05
22255,0.00023514032
22256,0.9999995
22257,0.7243313
22258,0.99999857
22259,0.99989986
22260,0.99999666
22261,8.297425e-05
22262,0.99999774
22263,0.0001705885
22264,0.99999726
22265,0.9999995
22266,0.0026434958
22267,0.009905428
22268,0.99999905
22269,0.9999996
22270,8.0740545e-05
22271,9.3224015e-05
22272,0.99829173
22273,0.9999985
22274,4.419831e-05
22275,0.99999964
22276,0.99999857
22277,9.817932e-05
22278,0.9999995
22279,0.9999994
22280,0.00025716424
22281,6.190917e-05
22282,0.9999995
22283,0.99907553
22284,0.00030252337
22285,0.99980676
22286,0.00013485551
22287,5.7516474e-05
22288,0.6428196
22289,0.9999996
22290,0.025595993
22291,8.28426e-05
22292,0.00011962965
22293,0.00029990077
22294,0.00032410026
22295,0.99997604
22296,0.16527733
22297,9.886116e-05
22298,0.0084593
22299,0.9999937
22300,0.9999993
22301,0.99999785
22302,0.00013902783
22303,0.9999649
22304,6.379573e-05
22305,0.9999992
22306,0.9999996
22307,0.9999994
22308,0.000318259
22309,4.4968503e-05
22310,0.54316944
22311,0.000117925905
22312,0.52618295
22313,0.9999976
22314,0.9999994
22315,0.9999115
22316,0.9999995
22317,0.08193272
22318,8.510612e-05
22319,0.9999929
22320,0.0007619262
22321,0.9999987
22322,0.9999987
22323,0.9999993
22324,5.376659e-05
22325,0.99999857
22326,0.9999963
22327,0.0001707077
22328,0.99999726
22329,0.99999917
22330,0.9999994
22331,0.9999993
22332,0.0009383857
22333,0.9999987
22334,0.999999
22335,9.915462e-05
22336,0.00026342273
22337,8.9942114e-05
22338,0.9999995
22339,0.99999905
22340,0.00024566054
22341,6.75499e-05
22342,0.99999875
22343,0.00013190508
22344,0.00031790137
22345,0.0002731681
22346,0.0013930798
22347,0.99999905
22348,0.0005234778
22349,0.00052294135
22350,0.9999995
22351,0.000264287
22352,0.9999995
22353,0.99999934
22354,0.9980392
22355,7.220238e-05
22356,0.26145416
22357,0.9999989
22358,0.99999857
22359,0.99999154
22360,0.999999
22361,0.00023677945
22362,0.98486745
22363,0.0003708899
22364,0.9999996
22365,0.99965763
22366,0.99929476
22367,0.0008838475
22368,8.081273e-05
22369,0.00012612343
22370,0.99993175
22371,0.9999993
22372,0.9999993
22373,0.9999989
22374,0.0003874004
22375,0.000111563684
22376,9.238834e-05
22377,0.9999995
22378,0.9999976
22379,0.9999969
22380,0.00037375093
22381,0.9999429
22382,0.99999833
22383,0.9999981
22384,0.00010971586
22385,0.99999857
22386,0.9999994
22387,0.9999938
22388,0.000103049344
22389,0.9999995
22390,0.0006197691
22391,0.99999857
22392,0.0001514852
22393,0.9971162
22394,0.008352637
22395,0.9999983
22396,0.0020951927
22397,0.99999774
22398,0.00011465121
22399,0.99999946
22400,0.00094369054
22401,0.9999981
22402,0.017938286
22403,0.99999964
22404,0.99999964
22405,0.99999857
22406,0.99995136
22407,0.99999857
22408,0.000118203454
22409,0.00040847063
22410,8.989032e-05
22411,0.0001938641
22412,0.999751
22413,0.00010400872
22414,0.001267463
22415,0.99997705
22416,0.0002782941
22417,0.99999166
22418,0.9999994
22419,0.9999996
22420,0.0024929643
22421,0.00018763542
22422,9.9257464e-05
22423,0.0005416274
22424,0.00088247657
22425,0.9999985
22426,7.420653e-05
22427,0.999998
22428,0.99991155
22429,0.00012725592
22430,0.00010508952
22431,0.99999964
22432,0.9999965
22433,0.99996555
22434,0.9999995
22435,0.0104108155
22436,0.00028833747
22437,0.00067448616
22438,0.9999957
22439,0.005695641
22440,0.041355997
22441,0.99999803
22442,0.999999
22443,7.4376425e-05
22444,0.99989927
22445,7.286937e-05
22446,0.00012427568
22447,0.9999993
22448,0.9999739
22449,0.9999976
22450,0.42287195
22451,0.9999994
22452,0.00023636222
22453,0.00013175607
22454,0.99999934
22455,0.99999917
22456,0.99951047
22457,0.000102846796
22458,0.00014689565
22459,7.0100716e-05
22460,0.0002502501
22461,0.9999988
22462,0.00012648106
22463,0.99999857
22464,0.20840284
22465,0.88108474
22466,0.9999732
22467,0.9963425
22468,0.0014328659
22469,0.000115384915
22470,0.00019434094
22471,0.9999986
22472,0.00012719631
22473,0.99999946
22474,0.00012859702
22475,0.9999992
22476,0.9973067
22477,0.99999917
22478,0.9999993
22479,0.000100460136
22480,0.99999964
22481,0.99999833
22482,0.99999857
22483,0.0085911155
22484,0.99975663
22485,0.9999993
22486,0.9999989
22487,0.9999988
22488,0.000111219924
22489,0.0011199117
22490,7.593753e-05
22491,0.9999988
22492,0.012564063
22493,8.5886655e-05
22494,0.9999994
22495,0.00025594234
22496,0.00017008185
22497,0.0027328134
22498,0.99999946
22499,0.00016725063
22500,0.0014466643
22501,0.00073605776
22502,0.0017124116
22503,0.0008866489
22504,0.13905561
22505,7.226308e-05
22506,0.9999993
22507,0.9999995
22508,0.9999957
22509,0.99999976
22510,0.999996
22511,0.00050053
22512,0.00021412969
22513,0.9999982
22514,0.99999964
22515,0.00011936037
22516,0.9999989
22517,0.99999857
22518,0.99793416
22519,0.99999917
22520,0.00016918778
22521,0.9999945
22522,0.99999857
22523,0.0045847
22524,0.99999857
22525,0.00010301898
22526,0.00022265315
22527,0.99998796
22528,0.015675396
22529,0.13796318
22530,0.9999994
22531,0.99999744
22532,0.97592974
22533,0.999995
22534,0.9999995
22535,4.724278e-05
22536,0.00012421608
22537,0.1029813
22538,0.9999787
22539,0.9999997
22540,0.0001732707
22541,0.46664232
22542,0.00018030405
22543,0.99878883
22544,0.99999774
22545,0.00016021729
22546,0.0012548864
22547,0.5331669
22548,0.00013965368
22549,0.99999905
22550,7.750811e-05
22551,7.2960676e-05
22552,9.792432e-05
22553,0.80619645
22554,0.9999965
22555,0.0001411736
22556,0.22712344
22557,0.999997
22558,6.9626934e-05
22559,0.99999857
22560,0.00026625395
22561,5.7351386e-05
22562,0.9999975
22563,0.99999934
22564,0.9999996
22565,0.00014895201
22566,4.5923527e-05
22567,0.00026082993
22568,0.9999994
22569,0.00013017654
22570,8.8850094e-05
22571,0.9999969
22572,0.99999785
22573,0.9999985
22574,0.9999895
22575,0.9999995
22576,0.9999329
22577,0.00011703889
22578,0.9999907
22579,0.99999905
22580,0.0001322031
22581,0.0005042851
22582,0.99999964
22583,0.00011577059
22584,6.55719e-05
22585,0.9999994
22586,0.00038671494
22587,0.99999934
22588,0.002535075
22589,4.589778e-05
22590,0.00033211708
22591,0.9999994
22592,0.00019657612
22593,0.00014254451
22594,0.0003065765
22595,0.00012122129
22596,0.00014090538
22597,0.99999905
22598,7.932672e-05
22599,0.00012603402
22600,0.9999981
22601,0.99999726
22602,7.760315e-05
22603,0.99999094
22604,0.00012719631
22605,0.018355042
22606,0.99999934
22607,0.00019180775
22608,4.1382387e-05
22609,0.00016602874
22610,0.9998543
22611,0.9999989
22612,0.00010875931
22613,0.9999994
22614,0.99995214
22615,0.9999995
22616,4.3357868e-05
22617,0.028220236
22618,0.99996346
22619,0.99999964
22620,6.190539e-05
22621,0.99999267
22622,0.9999995
22623,0.00044605136
22624,7.795207e-05
22625,0.99999857
22626,0.99999356
22627,0.00015938282
22628,0.99999857
22629,0.9999996
22630,0.99999964
22631,0.00021281838
22632,0.9999988
22633,0.0016337335
22634,0.000107428685
22635,4.829093e-05
22636,0.99999857
22637,0.9939388
22638,0.00062674284
22639,0.00010202766
22640,0.9999996
22641,8.687238e-05
22642,0.99875116
22643,0.006767094
22644,0.0016070008
22645,0.99999905
22646,7.772151e-05
22647,0.99999905
22648,0.9999987
22649,0.9999989
22650,0.99999857
22651,0.99999106
22652,4.8707523e-05
22653,0.5664823
22654,0.99999857
22655,0.99999917
22656,0.00012788177
22657,0.99999475
22658,0.0002501607
22659,0.00010111509
22660,8.179473e-05
22661,0.9999931
22662,0.99999917
22663,0.99999833
22664,0.008149564
22665,0.9999992
22666,0.99999857
22667,0.00026220083
22668,0.00025475025
22669,0.99999934
22670,0.99999934
22671,0.9996122
22672,0.9979154
22673,0.0028818548
22674,0.9999242
22675,0.999997
22676,0.99999917
22677,0.99999845
22678,0.0002027154
22679,0.9999882
22680,0.0001758039
22681,0.9999994
22682,0.0035488904
22683,0.00010912096
22684,0.99999917
22685,0.9999944
22686,0.00023525953
22687,0.00014606118
22688,9.723624e-05
22689,0.7456494
22690,0.0006079376
22691,9.723188e-05
22692,0.99998957
22693,0.0045829415
22694,0.0008584857
22695,0.00021380186
22696,0.99999905
22697,0.9999916
22698,0.9999993
22699,0.99999905
22700,0.011530727
22701,0.9999989
22702,0.00015509129
22703,0.017573565
22704,0.99895567
22705,0.9999697
22706,0.00023552775
22707,0.9999933
22708,0.9998635
22709,0.99999756
22710,0.00045004487
22711,0.000349015
22712,0.020213068
22713,0.99999803
22714,0.028447032
22715,8.568401e-05
22716,0.9999893
22717,0.0003605187
22718,0.0011998713
22719,0.99998343
22720,0.0007353723
22721,8.58851e-05
22722,0.9999994
22723,7.423683e-05
22724,0.00021260977
22725,0.27348706
22726,0.005170524
22727,4.08704e-05
22728,0.0016191006
22729,0.87458396
22730,0.9999995
22731,0.93395257
22732,0.9999994
22733,0.99999917
22734,0.05633831
22735,0.00015899539
22736,0.99999905
22737,0.9999996
22738,4.973389e-05
22739,0.99999136
22740,0.00012364984
22741,0.99999905
22742,0.0014798939
22743,0.99999815
22744,8.7664186e-05
22745,0.9999778
22746,0.9999995
22747,0.9999974
22748,0.00014483929
22749,0.99999595
22750,0.99999744
22751,0.9999987
22752,0.5379331
22753,0.99999857
22754,0.99999905
22755,0.99934053
22756,6.7207664e-05
22757,5.736052e-05
22758,0.040392697
22759,0.99999857
22760,0.020596594
22761,0.99999964
22762,0.9999993
22763,6.255304e-05
22764,0.933699
22765,0.001424253
22766,0.0005784631
22767,0.9999982
22768,0.00023141503
22769,0.99999696
22770,0.99999726
22771,0.00011372102
22772,0.99999917
22773,0.00013184547
22774,0.9999987
22775,0.00020229816
22776,7.147379e-05
22777,0.9999804
22778,8.8206594e-05
22779,0.999998
22780,0.0008736849
22781,0.00010205325
22782,0.003740698
22783,7.104884e-05
22784,0.9999839
22785,0.99999976
22786,0.00022548437
22787,0.004655391
22788,0.00021895766
22789,0.99999857
22790,0.9999571
22791,7.7029355e-05
22792,0.9999995
22793,0.9999995
22794,0.00014081597
22795,0.99999964
22796,0.99997807
22797,4.781694e-05
22798,6.831566e-05
22799,0.99999654
22800,0.99999905
22801,0.99999857
22802,0.99999756
22803,0.99999857
22804,0.00014439225
22805,0.99999917
22806,0.99999046
22807,0.00013428926
22808,0.9999865
22809,0.99999857
22810,6.156198e-05
22811,0.9987742
22812,0.00016215444
22813,0.99999917
22814,0.00023421645
22815,6.040006e-05
22816,0.00012502074
22817,6.606375e-05
22818,0.9999993
22819,0.9999914
22820,0.9999387
22821,0.9999994
22822,0.99999297
22823,7.332871e-05
22824,0.00029057264
22825,5.7539568e-05
22826,7.042457e-05
22827,0.9999988
22828,0.00022676587
22829,0.999999
22830,0.00014144182
22831,0.9999984
22832,0.00037282705
22833,0.00024452806
22834,9.52065e-05
22835,0.99999934
22836,0.9999996
22837,0.9999964
22838,0.9999988
22839,0.9999927
22840,0.9999984
22841,0.99999976
22842,0.99999887
22843,0.9999989
22844,0.9999974
22845,5.53369e-05
22846,0.9999979
22847,0.99999845
22848,0.9999993
22849,0.9999991
22850,0.00018161535
22851,7.471675e-05
22852,0.99993515
22853,0.00033345819
22854,0.99999726
22855,0.00036233664
22856,0.00019210577
22857,0.00071015954
22858,7.526672e-05
22859,5.8148078e-05
22860,0.00023284554
22861,0.9999981
22862,0.9999995
22863,0.99984974
22864,0.00017383695
22865,0.00014087558
22866,0.9999994
22867,0.00031378865
22868,0.99999964
22869,0.9918178
22870,0.99999917
22871,0.9999995
22872,0.014515579
22873,0.0005481243
22874,4.7955404e-05
22875,0.99999964
22876,0.99999857
22877,4.5888064e-05
22878,0.000107685635
22879,0.9999996
22880,0.9731107
22881,0.0007107556
22882,0.99999833
22883,9.225917e-05
22884,0.0019491017
22885,6.5221335e-05
22886,0.0034230351
22887,0.9999809
22888,9.4916846e-05
22889,0.000120618635
22890,0.9999984
22891,0.9999993
22892,0.9982797
22893,0.9999988
22894,0.04823801
22895,0.9999995
22896,7.3657495e-05
22897,0.99999857
22898,6.6768844e-05
22899,0.0037830472
22900,0.9999976
22901,9.6416996e-05
22902,0.9999685
22903,0.99999934
22904,0.00016596913
22905,0.99999905
22906,0.0002182424
22907,0.99999785
22908,0.99999917
22909,0.02534762
22910,0.999997
22911,0.00015759468
22912,0.9998755
22913,0.8943379
22914,0.0099307895
22915,0.00013357401
22916,0.00018036366
22917,0.99999964
22918,0.00014987588
22919,0.99999857
22920,0.99999905
22921,0.0131263435
22922,6.7749774e-05
22923,0.99999964
22924,8.0753714e-05
22925,0.9999993
22926,0.9999769
22927,0.99999344
22928,0.9999994
22929,0.0036706626
22930,0.99999845
22931,4.6803078e-05
22932,0.9999993
22933,0.00021702051
22934,0.996784
22935,0.9999997
22936,0.9999996
22937,0.9999994
22938,0.9999988
22939,9.727371e-05
22940,0.99996746
22941,0.020787507
22942,0.18495536
22943,0.99999964
22944,9.627825e-05
22945,0.9999994
22946,5.2856194e-05
22947,0.0002206564
22948,0.9999995
22949,0.9999966
22950,0.0031659603
22951,0.9999995
22952,0.0002027154
22953,0.00048822165
22954,0.9985679
22955,7.8516045e-05
22956,0.9981251
22957,0.9999969
22958,9.150403e-05
22959,0.014457554
22960,0.99619853
22961,0.9999995
22962,0.00015637279
22963,0.9998154
22964,0.9999974
22965,0.9999989
22966,0.99999833
22967,0.00020128489
22968,0.00023505092
22969,0.00023269653
22970,0.99999833
22971,0.9999981
22972,0.99999964
22973,0.99999607
22974,0.9999963
22975,9.674794e-05
22976,6.019563e-05
22977,0.00012487173
22978,0.9368564
22979,0.00014725327
22980,0.9999994
22981,0.00024482608
22982,0.99999964
22983,0.9999992
22984,8.1969876e-05
22985,0.8047441
22986,0.95893705
22987,0.9999989
22988,0.9999933
22989,0.99999946
22990,0.99999666
22991,0.99999595
22992,8.3103805e-05
22993,0.00020095706
22994,0.79404825
22995,0.9999664
22996,0.99999857
22997,0.99999857
22998,0.9992
22999,0.99999547
23000,8.64625e-05
23001,6.883669e-05
23002,0.000888139
23003,0.99999857
23004,0.999992
23005,0.9999963
23006,0.99999285
23007,0.99999857
23008,0.000113763104
23009,0.0001386106
23010,8.8717585e-05
23011,0.9999996
23012,0.010125726
23013,8.972673e-05
23014,0.8049708
23015,0.99999833
23016,0.999999
23017,0.00016769767
23018,0.00012585521
23019,8.670188e-05
23020,5.7848072e-05
23021,0.99999905
23022,0.99999964
23023,7.711866e-05
23024,0.9999852
23025,0.00012558699
23026,0.9999191
23027,0.9999992
23028,7.13046e-05
23029,9.0539026e-05
23030,5.2683074e-05
23031,0.00025951862
23032,0.9998679
23033,0.030818224
23034,0.9999995
23035,0.99999964
23036,0.9999995
23037,0.9999994
23038,0.99920404
23039,0.00023239851
23040,0.9999983
23041,0.99999756
23042,0.9999996
23043,0.99999374
23044,0.9999976
23045,5.8643163e-05
23046,0.9999557
23047,9.338187e-05
23048,0.99999416
23049,6.0275423e-05
23050,3.612828e-05
23051,0.9999995
23052,0.00020194054
23053,7.828882e-05
23054,4.9066937e-05
23055,0.99999857
23056,0.99992925
23057,0.9999987
23058,0.35006917
23059,0.0003478825
23060,0.00013130903
23061,0.00010557813
23062,0.00011933294
23063,0.00020617247
23064,0.9999994
23065,0.9999994
23066,0.09646082
23067,0.00017145276
23068,0.0003669858
23069,0.00014653802
23070,0.99999756
23071,0.00051894784
23072,0.9999995
23073,0.9999975
23074,0.00027173758
23075,5.5591903e-05
23076,0.0013908446
23077,0.0002861321
23078,0.00020968914
23079,0.00015759468
23080,0.00018665195
23081,0.9999995
23082,0.00025764108
23083,0.0011742413
23084,0.00042921305
23085,8.156742e-05
23086,0.99999857
23087,6.6112785e-05
23088,0.00014972687
23089,0.9999994
23090,0.00025177002
23091,0.9999982
23092,0.00044348836
23093,9.3872426e-05
23094,1.8497925e-05
23095,0.999989
23096,0.99999833
23097,0.00010801775
23098,0.9999982
23099,0.0001167132
23100,0.0007663071
23101,0.99998295
23102,0.000102865044
23103,7.971607e-05
23104,0.008060813
23105,5.1408813e-05
23106,0.00016209483
23107,0.9999988
23108,0.9999993
23109,0.99995476
23110,0.00016060472
23111,0.0035081804
23112,0.17963734
23113,0.9999997
23114,0.9961904
23115,0.9999995
23116,9.612953e-05
23117,0.00011349231
23118,0.9999992
23119,0.999999
23120,0.00013718009
23121,0.99986374
23122,0.9999991
23123,0.99999857
23124,0.00021523237
23125,6.1188606e-05
23126,0.9999983
23127,0.00014331937
23128,0.9999995
23129,0.999998
23130,0.99999905
23131,0.99999917
23132,0.00042062998
23133,7.7146906e-05
23134,0.9999992
23135,0.99999964
23136,0.00092726946
23137,0.9999994
23138,0.9999965
23139,0.00011656515
23140,0.99999857
23141,0.021762103
23142,0.9972904
23143,0.9999935
23144,9.44874e-05
23145,0.00232929
23146,0.0001487732
23147,0.00011305782
23148,0.9999995
23149,0.0005916655
23150,0.9999553
23151,0.9999919
23152,0.9999991
23153,0.36029434
23154,0.9999974
23155,0.001755923
23156,0.99999857
23157,0.99999833
23158,0.00061148405
23159,0.99996364
23160,0.00042003393
23161,0.0009975135
23162,7.6212134e-05
23163,0.99999535
23164,0.00034600496
23165,0.9999982
23166,0.99991393
23167,0.99975073
23168,0.9999996
23169,0.00040704012
23170,0.9999981
23171,0.0012383461
23172,6.042518e-05
23173,0.00022020936
23174,0.0068974793
23175,6.114917e-05
23176,0.99999917
23177,0.9999693
23178,0.00083494186
23179,0.9999993
23180,3.8210965e-05
23181,0.9999613
23182,0.999974
23183,0.9999994
23184,0.00039079785
23185,4.0135663e-05
23186,0.9999771
23187,0.9999995
23188,0.9999994
23189,0.99996185
23190,0.99999315
23191,0.012808889
23192,0.000114231894
23193,4.9394082e-05
23194,0.9999979
23195,0.00092202425
23196,5.466587e-05
23197,0.00061005354
23198,0.0003079474
23199,0.99999964
23200,0.00019833446
23201,5.2438212e-05
23202,0.00015258789
23203,0.7949238
23204,0.0006149709
23205,0.00021627545
23206,0.9999694
23207,0.00018912554
23208,0.040514678
23209,0.99999905
23210,0.9996679
23211,0.00018149614
23212,0.0051850677
23213,0.99999857
23214,0.0002385974
23215,0.00018915534
23216,0.9999809
23217,0.01712519
23218,0.0017346144
23219,0.00027105212
23220,0.018058926
23221,0.999999
23222,0.00015214086
23223,0.9999989
23224,0.00022390485
23225,0.99999857
23226,0.14176974
23227,0.00010338165
23228,0.99999964
23229,0.99999964
23230,0.9999333
23231,0.9999966
23232,0.999999
23233,0.99998903
23234,0.9999995
23235,0.9999994
23236,0.0010378659
23237,0.00024491549
23238,0.99999195
23239,4.351457e-05
23240,0.99999905
23241,0.9999974
23242,0.99999976
23243,0.9999988
23244,0.00014433265
23245,0.99999857
23246,0.1164467
23247,0.99999905
23248,0.9999995
23249,0.9999995
23250,8.3355495e-05
23251,0.0009493232
23252,4.175503e-05
23253,5.228336e-05
23254,0.9999988
23255,0.99997437
23256,0.0052960515
23257,0.00032892823
23258,0.00018942356
23259,0.0005238056
23260,0.001459986
23261,0.0004157424
23262,0.9999913
23263,0.0001617074
23264,0.99999726
23265,0.9999994
23266,8.221932e-05
23267,0.9999988
23268,0.9999976
23269,0.9999994
23270,8.600329e-05
23271,0.00011725015
23272,0.9994636
23273,0.9999989
23274,0.03882599
23275,9.9940495e-05
23276,8.2173225e-05
23277,0.9999965
23278,0.9999969
23279,0.0001656115
23280,0.9999992
23281,0.0001795888
23282,0.00019317865
23283,0.96885836
23284,0.006010592
23285,0.99362516
23286,0.9999605
23287,8.867885e-05
23288,6.494395e-05
23289,0.999997
23290,0.99999934
23291,0.99976194
23292,0.00017687678
23293,0.004421562
23294,0.00040349364
23295,0.0004144609
23296,0.00011998774
23297,0.0010370016
23298,0.00045856833
23299,0.99999946
23300,8.809042e-05
23301,0.99999046
23302,0.99999857
23303,0.0001309216
23304,0.99998486
23305,0.99999875
23306,0.9999996
23307,0.9999995
23308,0.00021526217
23309,0.0002195239
23310,0.057865232
23311,0.00017371774
23312,0.99999726
23313,0.99999857
23314,0.0039454997
23315,0.00010208615
23316,0.9999994
23317,0.052247345
23318,0.9999996
23319,8.1712395e-05
23320,0.9999995
23321,0.00013166666
23322,5.0049537e-05
23323,0.9999995
23324,0.9999994
23325,0.99999315
23326,0.99924624
23327,0.9999994
23328,0.9999993
23329,0.9999994
23330,0.01759252
23331,0.9999905
23332,0.99999905
23333,0.0026798844
23334,0.99999833
23335,0.9999988
23336,0.00015184283
23337,9.112304e-05
23338,7.6108125e-05
23339,5.390213e-05
23340,0.9999788
23341,0.00022542477
23342,7.104735e-05
23343,0.9998982
23344,0.99999917
23345,0.99999845
23346,0.00015226007
23347,0.9999992
23348,9.120076e-05
23349,0.00044423342
23350,5.764986e-05
23351,0.99999696
23352,0.00010833365
23353,0.9999989
23354,0.9999989
23355,0.00013390183
23356,0.9999972
23357,0.9999949
23358,0.00020503998
23359,0.9999875
23360,0.001018852
23361,0.99799025
23362,0.9999729
23363,0.00091838837
23364,7.455283e-05
23365,0.07600361
23366,0.9999994
23367,0.9999993
23368,0.99999857
23369,0.99999917
23370,0.0028348565
23371,0.00024408102
23372,0.99999917
23373,0.99999964
23374,0.99999964
23375,0.99999857
23376,0.9999981
23377,0.9913717
23378,0.00012430549
23379,0.99999857
23380,0.9844231
23381,0.9999989
23382,0.00026461482
23383,0.008607119
23384,0.00011941274
23385,0.9999996
23386,0.99999094
23387,0.00010217752
23388,0.9999992
23389,8.696008e-05
23390,0.9999993
23391,0.9999314
23392,0.9998075
23393,0.999995
23394,0.99999774
23395,0.0006940961
23396,2.3872915e-05
23397,0.99999917
23398,0.9999739
23399,0.99999964
23400,0.9999995
23401,0.0009990335
23402,0.9999994
23403,0.99999917
23404,0.0003824532
23405,0.000103005324
23406,0.000528574
23407,0.9999993
23408,0.9999993
23409,0.99999857
23410,0.99999857
23411,0.9999995
23412,0.0018455982
23413,0.00012184996
23414,0.019233495
23415,0.99999964
23416,0.0014064014
23417,0.000110014254
23418,0.9999994
23419,0.00013029575
23420,0.0011098087
23421,0.00017291307
23422,0.9999994
23423,0.9999997
23424,0.0033060312
23425,0.999997
23426,0.9999995
23427,0.0001886189
23428,0.9999975
23429,0.99999464
23430,0.00028768182
23431,0.99999964
23432,0.9999993
23433,0.9999995
23434,0.9978423
23435,0.00013062358
23436,0.999961
23437,0.9999995
23438,7.260224e-05
23439,0.00018683076
23440,0.9999989
23441,8.81142e-05
23442,0.9999993
23443,0.99999905
23444,3.8687605e-05
23445,0.99999774
23446,0.99999785
23447,0.00018367171
23448,6.374075e-05
23449,7.486125e-05
23450,0.99999714
23451,5.4020442e-05
23452,0.999999
23453,0.9999987
23454,0.99999964
23455,0.00023517013
23456,0.9999994
23457,0.99999505
23458,0.00039964914
23459,0.99999917
23460,0.9999995
23461,0.00016057491
23462,0.00018790364
23463,0.9999995
23464,0.00031155348
23465,0.99999917
23466,0.0005413294
23467,0.9999933
23468,0.98680574
23469,0.00020354986
23470,0.97705543
23471,0.999998
23472,0.9999975
23473,0.9999982
23474,7.747242e-05
23475,0.0012265146
23476,0.99982756
23477,0.9360347
23478,0.9999762
23479,6.715897e-05
23480,0.9999996
23481,0.99997616
23482,0.99999344
23483,0.00014767051
23484,0.00011135641
23485,0.999993
23486,0.00021791458
23487,0.99760544
23488,0.9999757
23489,0.9999995
23490,0.0002783239
23491,0.00012367964
23492,4.0063387e-05
23493,4.1133128e-05
23494,0.9999945
23495,0.99999905
23496,0.999991
23497,8.184896e-05
23498,0.700188
23499,0.999328
23500,0.99999905
23501,0.0007094741
23502,8.320031e-05
23503,0.0002797842
23504,0.99999833
23505,0.99999857
23506,0.9975709
23507,0.9999994
23508,0.0001450777
23509,0.99999964
23510,4.7627385e-05
23511,0.9999981
23512,0.0002554655
23513,0.0019491017
23514,0.9999704
23515,0.006446272
23516,0.00019934773
23517,0.9999985
23518,0.00022211671
23519,6.128789e-05
23520,0.99940306
23521,0.9999995
23522,0.99999845
23523,0.9992238
23524,0.99999964
23525,0.0068805516
23526,0.9800818
23527,0.00049483776
23528,0.64503944
23529,0.9999928
23530,9.8647746e-05
23531,0.9999848
23532,0.00011517669
23533,0.009356648
23534,0.9999982
23535,0.023875207
23536,0.9999994
23537,0.9999975
23538,0.00010573835
23539,0.00019085407
23540,0.00049197674
23541,8.993534e-05
23542,8.419213e-05
23543,9.901194e-05
23544,0.0013055205
23545,0.9999976
23546,0.002185315
23547,0.00013110042
23548,0.99999964
23549,0.99999845
23550,0.9999988
23551,0.9999994
23552,0.9999992
23553,0.99999857
23554,0.00011433042
23555,0.99999946
23556,5.2376337e-05
23557,0.99999183
23558,0.99999964
23559,0.99999964
23560,0.00012248212
23561,0.00019103289
23562,9.359862e-05
23563,5.73719e-05
23564,0.00018829107
23565,0.99999917
23566,0.99998415
23567,0.00017997622
23568,0.9999991
23569,0.9999729
23570,0.00020083785
23571,0.00035607815
23572,0.99999964
23573,0.00032147765
23574,0.9999986
23575,0.9999984
23576,0.99999976
23577,5.5726094e-05
23578,0.00063818693
23579,0.9999957
23580,8.353965e-05
23581,4.4229808e-05
23582,0.9998497
23583,0.0001036922
23584,0.76043534
23585,0.99999875
23586,0.9999994
23587,0.00019580126
23588,0.9999995
23589,0.9999995
23590,9.63114e-05
23591,0.0003196001
23592,0.00014466047
23593,0.9999987
23594,0.99999964
23595,0.99999857
23596,0.9999994
23597,0.0001195773
23598,0.00017616153
23599,0.99999917
23600,0.0019335151
23601,0.9999988
23602,0.00017544627
23603,0.0016195774
23604,0.9999949
23605,0.00011967781
23606,8.648436e-05
23607,7.510675e-05
23608,0.00054219365
23609,0.7585975
23610,0.026979923
23611,0.00029858947
23612,0.00013414025
23613,0.00029090047
23614,0.99999976
23615,0.9999992
23616,0.00018289685
23617,0.9999995
23618,0.00024041533
23619,0.9999995
23620,0.9999988
23621,0.9999994
23622,0.98919517
23623,0.99497527
23624,0.00012764335
23625,8.950205e-05
23626,0.002548784
23627,0.9999828
23628,0.00012185066
23629,0.00011078388
23630,0.045800418
23631,0.9999982
23632,0.0012312233
23633,0.0011367798
23634,0.0001334846
23635,0.99996656
23636,0.0012156367
23637,0.00012248188
23638,0.0038839877
23639,0.00028166175
23640,0.9998983
23641,0.00035622716
23642,0.0005725324
23643,0.00016438961
23644,0.00021609664
23645,0.99999857
23646,0.99999964
23647,0.00010556988
23648,0.99999964
23649,0.99999964
23650,0.00019571185
23651,0.0026025772
23652,0.0005007982
23653,0.999999
23654,0.9999382
23655,0.00014299154
23656,0.00015121698
23657,0.99999577
23658,7.1202674e-05
23659,0.00011307982
23660,0.9999993
23661,0.99999857
23662,0.99999964
23663,0.0022029579
23664,5.972035e-05
23665,8.3718944e-05
23666,8.58616e-05
23667,0.99999917
23668,8.022071e-05
23669,0.00015631318
23670,0.99999815
23671,0.39268202
23672,8.4948406e-05
23673,0.00014701486
23674,6.541781e-05
23675,0.9999994
23676,0.99999857
23677,0.9999994
23678,0.08563247
23679,0.9999972
23680,0.9999971
23681,0.00041347742
23682,0.0006145239
23683,7.19924e-05
23684,0.99999315
23685,0.0001270473
23686,0.99999857
23687,0.000107933316
23688,0.99999964
23689,0.99999803
23690,0.00021183491
23691,0.0002759993
23692,0.99999857
23693,0.0012812316
23694,4.4856115e-05
23695,0.0042400956
23696,6.680884e-05
23697,9.614062e-05
23698,9.217985e-05
23699,0.0010412335
23700,0.9999982
23701,0.04596266
23702,0.99999946
23703,0.00089484453
23704,0.9999995
23705,0.99999857
23706,0.9999976
23707,0.00035390258
23708,0.00031110644
23709,0.9999988
23710,0.001363337
23711,0.9999657
23712,0.999894
23713,0.9988908
23714,0.99999905
23715,4.7976537e-05
23716,0.99999964
23717,5.4838758e-05
23718,0.99999964
23719,0.9999994
23720,0.31444553
23721,0.99999934
23722,0.99999774
23723,6.8409674e-05
23724,0.9999968
23725,0.00028651953
23726,0.99999905
23727,0.9999992
23728,0.99999917
23729,0.9999994
23730,0.0007030368
23731,6.876006e-05
23732,8.7814464e-05
23733,0.9999994
23734,0.0009558797
23735,0.9999985
23736,0.99998397
23737,6.986386e-05
23738,0.00036904216
23739,0.026656896
23740,0.00016766787
23741,0.99997365
23742,0.9999995
23743,0.999999
23744,0.00011086432
23745,0.99926317
23746,0.0018728971
23747,0.99999905
23748,0.9999994
23749,0.00025188923
23750,0.9999959
23751,0.9999992
23752,0.00020584464
23753,0.010742515
23754,0.99999565
23755,0.0002233386
23756,0.00022128224
23757,0.9999988
23758,0.9999988
23759,0.00076675415
23760,7.668603e-05
23761,0.9999995
23762,7.96236e-05
23763,0.00020980835
23764,0.99999857
23765,0.9907356
23766,0.99999946
23767,5.3631346e-05
23768,0.00094667077
23769,0.35016543
23770,0.9994185
23771,0.00087308884
23772,0.00017473102
23773,0.00036892295
23774,0.9999855
23775,0.00017207861
23776,0.00023472309
23777,0.0019069314
23778,0.99999875
23779,0.9684757
23780,0.001077652
23781,7.498122e-05
23782,0.99999917
23783,0.99999964
23784,0.99999964
23785,0.00011328253
23786,0.0003221631
23787,0.9999994
23788,6.224787e-05
23789,0.99999905
23790,0.0007920861
23791,0.99999905
23792,0.00019147992
23793,0.00011492149
23794,7.359254e-05
23795,0.99999934
23796,0.0018384457
23797,0.00012430549
23798,0.9999995
23799,0.00013875961
23800,7.412653e-05
23801,0.103829175
23802,0.9998554
23803,4.288364e-05
23804,5.6842156e-05
23805,0.000741601
23806,0.00056234
23807,4.1529616e-05
23808,0.00020080805
23809,0.00026792288
23810,9.937945e-05
23811,7.2873685e-05
23812,0.00022435188
23813,0.9999995
23814,0.005509466
23815,0.9999993
23816,0.99999964
23817,0.99998957
23818,0.99999964
23819,0.9999996
23820,0.99999964
23821,0.9999993
23822,0.9999995
23823,0.9999995
23824,0.00032424927
23825,0.99999857
23826,0.9999495
23827,0.9999994
23828,0.99999857
23829,0.9999989
23830,0.99999976
23831,0.9999987
23832,0.99999225
23833,0.0027157962
23834,0.99996656
23835,0.9999995
23836,0.99999964
23837,0.9999985
23838,0.0003414154
23839,0.0011512637
23840,0.9999987
23841,0.92383754
23842,0.9999995
23843,0.9999994
23844,0.99999917
23845,0.99999917
23846,0.00020101666
23847,0.99475116
23848,5.2090705e-05
23849,0.9999994
23850,9.895746e-05
23851,0.9978521
23852,7.589062e-05
23853,0.015339255
23854,0.00013047457
23855,0.99999964
23856,8.6552594e-05
23857,0.99438626
23858,0.00011877863
23859,0.9999989
23860,0.0004079342
23861,0.99180305
23862,0.9999978
23863,0.9999995
23864,0.0010822415
23865,0.9999994
23866,0.99999857
23867,8.5936146e-05
23868,0.99999845
23869,0.00016984344
23870,0.99999917
23871,0.0002654493
23872,0.99999976
23873,0.99999905
23874,0.0001322031
23875,0.00017741323
23876,0.0006569326
23877,0.99999857
23878,0.9999992
23879,8.787536e-05
23880,0.00013551116
23881,0.99999803
23882,0.9999696
23883,0.0013203919
23884,8.2823564e-05
23885,0.9999858
23886,7.0978334e-05
23887,0.9999994
23888,0.99999595
23889,0.99999875
23890,0.9999996
23891,6.575306e-05
23892,0.9998189
23893,0.99999046
23894,0.999998
23895,0.00033262372
23896,0.9999989
23897,0.008243233
23898,0.00017029047
23899,7.97871e-05
23900,0.00021463633
23901,6.81847e-05
23902,0.00022253394
23903,0.9999992
23904,0.00014433265
23905,0.9531665
23906,0.99997604
23907,0.9999997
23908,0.9999943
23909,0.9999841
23910,9.364888e-05
23911,0.0001847446
23912,0.0154311955
23913,0.9999976
23914,0.9999993
23915,0.9999992
23916,0.00077056885
23917,0.0036903918
23918,0.00011453635
23919,0.5904718
23920,6.708414e-05
23921,0.99998605
23922,6.1771585e-05
23923,0.09099281
23924,0.00028145313
23925,0.99999964
23926,0.99999917
23927,0.9999989
23928,0.9999994
23929,0.99999917
23930,0.99999917
23931,0.0005029738
23932,0.0021909177
23933,0.9999994
23934,0.00012296045
23935,7.7699355e-05
23936,0.99986875
23937,0.9999994
23938,0.00013151765
23939,0.9999995
23940,5.629776e-05
23941,0.00012543797
23942,0.0027753115
23943,0.0024592578
23944,8.420482e-05
23945,0.9999995
23946,0.028327674
23947,0.9999972
23948,0.9999995
23949,9.94609e-05
23950,8.5142325e-05
23951,0.99709034
23952,0.9999993
23953,0.9999985
23954,0.9999994
23955,7.323793e-05
23956,0.00034090877
23957,0.058286518
23958,0.99999917
23959,0.99999857
23960,0.99972695
23961,0.99999833
23962,0.9999982
23963,0.99999714
23964,9.485794e-05
23965,0.0032614172
23966,0.00014796853
23967,0.9999995
23968,0.26211494
23969,0.00021702051
23970,0.9999994
23971,0.9999968
23972,0.9998364
23973,0.00034967065
23974,0.99999774
23975,8.639772e-05
23976,0.00020954013
23977,0.0016018152
23978,0.99998033
23979,0.9999992
23980,0.0014692247
23981,0.00102669
23982,0.99999964
23983,8.786758e-05
23984,0.9999957
23985,0.9999734
23986,0.99997866
23987,0.9999975
23988,0.12970838
23989,0.00018489361
23990,0.00016283989
23991,0.9999669
23992,0.00024035573
23993,0.99999857
23994,0.00013294816
23995,0.99999785
23996,0.9999996
23997,0.00019422174
23998,8.187058e-05
23999,0.0008407533
24000,0.027773201
24001,0.034771502
24002,0.0010232925
24003,0.00028520823
24004,0.99999905
24005,0.00021737814
24006,0.0014196038
24007,0.99999976
24008,0.99999905
24009,0.99999857
24010,0.9999915
24011,0.99999845
24012,0.00011726446
24013,0.9999983
24014,0.00014841557
24015,0.9999993
24016,0.00046750903
24017,0.99429774
24018,0.0014081299
24019,0.9999995
24020,0.00023281574
24021,0.9999992
24022,0.99999964
24023,0.007927299
24024,4.7352474e-05
24025,0.9999994
24026,0.0012279749
24027,0.9999984
24028,0.9999994
24029,0.00012549758
24030,9.646694e-05
24031,0.99986744
24032,0.99995786
24033,0.99999964
24034,0.00019103289
24035,0.0002246499
24036,0.9999994
24037,0.00012776256
24038,0.00014871359
24039,0.99989605
24040,4.0367868e-05
24041,0.9999994
24042,0.9999978
24043,0.999995
24044,0.00014054775
24045,5.3446103e-05
24046,8.254694e-05
24047,0.00032958388
24048,0.49173987
24049,0.99999976
24050,0.9999993
24051,0.99999964
24052,0.9999995
24053,0.0003926754
24054,0.00010894305
24055,0.99999654
24056,7.9725956e-05
24057,0.0004209578
24058,0.015507251
24059,0.0002811253
24060,0.9999993
24061,0.99999976
24062,0.9998219
24063,0.9999974
24064,0.9999254
24065,0.00036635995
24066,8.65285e-05
24067,0.99813855
24068,6.5327906e-05
24069,0.99999905
24070,0.99999875
24071,0.9965809
24072,0.00017660856
24073,0.9999907
24074,0.00040966272
24075,0.00040555
24076,0.00077167153
24077,0.9999994
24078,6.015368e-05
24079,0.99999857
24080,0.9999952
24081,0.0001411438
24082,0.99986356
24083,0.99999917
24084,0.000213027
24085,0.99216783
24086,0.99998677
24087,0.99267924
24088,3.95475e-05
24089,9.352446e-05
24090,0.9999987
24091,0.99999833
24092,0.00025820732
24093,0.009254128
24094,0.99999905
24095,5.0538336e-05
24096,0.9999969
24097,0.00056293607
24098,0.99999857
24099,8.213679e-05
24100,0.00026392937
24101,0.99999964
24102,0.9002389
24103,0.00013649464
24104,0.00021916628
24105,9.996357e-05
24106,0.99999857
24107,0.00036868453
24108,8.8014174e-05
24109,0.9999996
24110,0.9987798
24111,0.99996024
24112,0.9933412
24113,0.00010047739
24114,0.9999993
24115,0.99999857
24116,0.000585258
24117,0.0007889569
24118,0.000108684864
24119,0.99999857
24120,0.00016078353
24121,0.034705758
24122,0.99999857
24123,0.9999988
24124,0.7739107
24125,0.0028548539
24126,0.9999995
24127,0.99999774
24128,0.99999964
24129,0.99999917
24130,0.9999943
24131,0.9999992
24132,0.9998752
24133,0.00026658177
24134,0.0009495318
24135,0.9999994
24136,0.00016477704
24137,0.99999917
24138,0.9999995
24139,6.589411e-05
24140,0.9999992
24141,0.00012940168
24142,7.643741e-05
24143,0.99983525
24144,0.00019189715
24145,0.00016376376
24146,0.999969
24147,0.00034329295
24148,5.6523546e-05
24149,0.9999975
24150,0.99999887
24151,0.99999964
24152,0.0008947849
24153,4.5070345e-05
24154,0.9939114
24155,0.00030207634
24156,0.00024718046
24157,0.99999857
24158,0.999998
24159,0.9999994
24160,0.9999982
24161,0.99999976
24162,0.00046518445
24163,8.4618434e-05
24164,0.9999992
24165,0.00024920702
24166,0.00031593442
24167,0.9999988
24168,0.99971646
24169,0.99997604
24170,0.99999857
24171,0.99999917
24172,0.017863154
24173,0.99998355
24174,0.00019663572
24175,0.99999803
24176,0.9999987
24177,0.99999756
24178,0.0029225647
24179,0.00020468235
24180,0.83519685
24181,0.999987
24182,0.99999833
24183,0.99999845
24184,0.0014966726
24185,0.9999987
24186,0.9999987
24187,0.9530127
24188,0.00015869737
24189,0.99999875
24190,0.9999987
24191,0.99999416
24192,0.00015801191
24193,7.147392e-05
24194,0.00043398142
24195,0.000184834
24196,0.9970195
24197,0.00010642832
24198,0.26801324
24199,0.00011856835
24200,0.010594487
24201,0.51162124
24202,7.124723e-05
24203,0.00020900369
24204,0.0036405325
24205,5.2923177e-05
24206,9.133428e-05
24207,0.9996015
24208,6.9299684e-05
24209,0.9999987
24210,0.001400888
24211,0.9999968
24212,0.99999475
24213,0.00015944242
24214,0.9999985
24215,0.00013166666
24216,0.9999982
24217,0.00028419495
24218,0.99991286
24219,5.1025727e-05
24220,0.99999976
24221,0.9997246
24222,6.1676634e-05
24223,0.0001732409
24224,0.00021368265
24225,0.00016108155
24226,4.5993875e-05
24227,0.00020936131
24228,0.0001527667
24229,0.9999974
24230,0.99400115
24231,0.99999976
24232,0.6395701
24233,6.4653446e-05
24234,0.99999416
24235,0.0006240308
24236,0.8469071
24237,0.00041553378
24238,6.1005536e-05
24239,9.9017416e-05
24240,0.9999995
24241,0.021053612
24242,0.9862419
24243,0.9999968
24244,0.9999975
24245,5.8537727e-05
24246,0.0027611852
24247,3.7888447e-05
24248,0.041356266
24249,0.9999989
24250,0.0005069375
24251,0.9999996
24252,0.00015944242
24253,0.99999917
24254,0.00019082427
24255,0.0002835095
24256,0.00025817752
24257,0.9999994
24258,0.99999946
24259,0.025105089
24260,0.9999995
24261,0.99999857
24262,0.9999976
24263,0.99999774
24264,0.9999802
24265,0.00016632676
24266,7.423718e-05
24267,0.9999982
24268,0.00026896596
24269,0.00012737513
24270,0.9999992
24271,0.99603117
24272,0.9999997
24273,0.9999994
24274,0.00064361095
24275,0.99999964
24276,0.00011226501
24277,0.9999987
24278,0.9999887
24279,0.9999982
24280,0.0001783669
24281,0.9999994
24282,0.0014180243
24283,0.99999857
24284,0.99999845
24285,0.00013521314
24286,0.787662
24287,9.293534e-05
24288,2.309528e-05
24289,0.99999845
24290,0.99999917
24291,0.0016877949
24292,0.93724513
24293,0.9999974
24294,0.0013515353
24295,0.47129083
24296,0.9999996
24297,0.0008966625
24298,0.00034800172
24299,0.00014036894
24300,0.00019010901
24301,0.99998957
24302,0.0009569824
24303,8.2195635e-05
24304,6.788423e-05
24305,0.022102445
24306,0.00044676661
24307,0.1737341
24308,0.9999995
24309,0.000104495
24310,0.030900985
24311,4.82948e-05
24312,0.99999917
24313,0.99997354
24314,0.9959351
24315,0.99999976
24316,7.3408824e-05
24317,0.000121814635
24318,0.99999946
24319,0.9999962
24320,0.9998475
24321,0.9964818
24322,0.9999995
24323,0.0013521314
24324,6.592265e-05
24325,0.9946388
24326,0.99999726
24327,6.256723e-05
24328,0.00094109774
24329,0.9999992
24330,0.99999964
24331,0.99999905
24332,0.99999905
24333,0.9999996
24334,0.9999996
24335,0.00021907687
24336,6.106229e-05
24337,0.9999757
24338,0.99999833
24339,0.8126633
24340,0.0006060004
24341,0.9999994
24342,0.00048655272
24343,7.8195546e-05
24344,0.999998
24345,0.999998
24346,0.999998
24347,0.00011656026
24348,9.096709e-05
24349,0.00011853907
24350,0.99999505
24351,0.004630953
24352,0.9999996
24353,5.6707984e-05
24354,0.02391398
24355,0.9999949
24356,0.43174535
24357,0.00016891956
24358,0.00029289722
24359,0.99998206
24360,7.731875e-05
24361,0.9999987
24362,0.999998
24363,0.99999857
24364,0.9999987
24365,0.9995711
24366,0.99973613
24367,8.376031e-05
24368,0.99999624
24369,0.9999964
24370,0.9999994
24371,0.0001320839
24372,0.9999993
24373,0.9530127
24374,7.628114e-05
24375,0.00021407008
24376,0.9997499
24377,0.00072324276
24378,0.99999785
24379,3.343293e-05
24380,0.004660994
24381,0.9999994
24382,0.03058225
24383,0.00025612116
24384,0.99999857
24385,0.053879917
24386,0.00022560358
24387,0.00011688597
24388,0.00010874157
24389,0.00016662478
24390,5.6324876e-05
24391,0.99999833
24392,7.458632e-05
24393,9.446028e-05
24394,0.00026875734
24395,8.3186744e-05
24396,0.9999981
24397,0.9999994
24398,0.000120122495
24399,0.00024744868
24400,0.99920046
24401,0.030765653
24402,0.0011728704
24403,0.00014862418
24404,0.9999989
24405,9.297204e-05
24406,0.6233395
24407,0.99999857
24408,0.9999995
24409,0.9999995
24410,0.00076812506
24411,5.401452e-05
24412,6.68819e-05
24413,0.99989796
24414,0.11588076
24415,0.99999964
24416,7.119249e-05
24417,0.9999993
24418,0.99999857
24419,0.9999995
24420,0.9999994
24421,0.0006221533
24422,0.00029447675
24423,0.9999672
24424,0.9999945
24425,0.9999989
24426,0.9999948
24427,0.99999857
24428,0.9999992
24429,0.9999994
24430,0.00014188886
24431,0.9999956
24432,0.00012892485
24433,0.00023639202
24434,0.9999993
24435,0.9995152
24436,0.020230263
24437,7.658379e-05
24438,0.9999994
24439,0.00023636222
24440,0.0006247759
24441,0.00023812056
24442,0.00020948052
24443,0.9996371
24444,0.9954759
24445,0.92918366
24446,0.00064343214
24447,0.0001373589
24448,0.0045844615
24449,0.9999997
24450,6.562426e-05
24451,0.9999965
24452,8.9109766e-05
24453,0.9999993
24454,0.9999694
24455,0.00012240693
24456,0.00017929077
24457,0.9999995
24458,8.427511e-05
24459,0.00013014674
24460,0.999987
24461,0.9998735
24462,0.99999857
24463,0.99999404
24464,0.00010866486
24465,0.020100355
24466,0.9999984
24467,8.805371e-05
24468,4.8050897e-05
24469,0.00088104606
24470,0.0031667352
24471,0.74536705
24472,0.00010283022
24473,0.0001321137
24474,0.9999956
24475,0.99994326
24476,0.00017395616
24477,0.9999996
24478,0.9991803
24479,0.00037384033
24480,0.0001295209
24481,0.99999875
24482,0.99999964
24483,0.36947516
24484,0.9999958
24485,0.9999862
24486,0.9998951
24487,0.99999964
24488,7.3621464e-05
24489,6.0506776e-05
24490,0.99999857
24491,0.99999934
24492,0.00014916062
24493,0.0038154721
24494,9.579046e-05
24495,0.9999994
24496,0.9999354
24497,0.00014346838
24498,4.3736032e-05
24499,0.00016230345
24500,0.9999757
24501,0.99999857
24502,0.00041875243
24503,0.615789
24504,0.9999987
24505,0.9999981
24506,0.99999875
24507,0.0009407997
24508,0.99999434
24509,0.00030195713
24510,0.9999993
24511,0.9939245
24512,0.9999975
24513,0.0023770332
24514,0.9999908
24515,0.0029715598
24516,0.9999992
24517,8.604136e-05
24518,0.9999993
24519,0.059863836
24520,0.9999993
24521,0.9999963
24522,5.2353964e-05
24523,0.9999993
24524,0.07011974
24525,0.00027182698
24526,0.0006247759
24527,0.999999
24528,0.99999785
24529,0.0001872778
24530,0.00031876564
24531,0.99999976
24532,0.9999993
24533,0.00027161837
24534,0.9999994
24535,0.9999007
24536,0.99999285
24537,0.72097254
24538,0.9999996
24539,0.0002041161
24540,4.428941e-05
24541,0.00020042062
24542,0.99999964
24543,0.039494902
24544,0.0066199005
24545,8.731717e-05
24546,0.99999917
24547,0.00031113625
24548,0.00056287646
24549,0.9999944
24550,0.00021240115
24551,0.99999857
24552,0.99999964
24553,0.00032624602
24554,0.0006452501
24555,0.00032913685
24556,0.9999995
24557,0.999998
24558,7.5391574e-05
24559,0.058163583
24560,0.99999964
24561,7.333983e-05
24562,0.99999964
24563,0.9999925
24564,0.0065112114
24565,0.00029197335
24566,0.9999994
24567,0.99999535
24568,0.37298197
24569,0.0016160607
24570,7.2157985e-05
24571,0.9999945
24572,7.2603216e-05
24573,0.99995935
24574,0.00036644936
24575,0.9999832
24576,0.007679552
24577,7.696907e-05
24578,0.99999857
24579,0.99999946
24580,6.9617905e-05
24581,0.9962311
24582,0.9217236
24583,0.99999857
24584,0.9999992
24585,0.99999875
24586,0.99999946
24587,0.00012403727
24588,0.9999963
24589,0.9999838
24590,5.1769242e-05
24591,0.1968996
24592,0.0006582141
24593,8.1363636e-05
24594,7.62125e-05
24595,0.6927871
24596,0.9999792
24597,0.00014689565
24598,0.9999997
24599,5.242696e-05
24600,0.0042815506
24601,0.00041478872
24602,0.9999902
24603,0.00021791458
24604,0.00015711784
24605,0.00012686849
24606,0.99999857
24607,0.9999994
24608,9.062515e-05
24609,0.9998205
24610,0.9999995
24611,0.9999992
24612,0.26902205
24613,0.99999857
24614,0.9999987
24615,0.99999946
24616,0.0003617406
24617,0.00012034965
24618,0.9934386
24619,0.99999744
24620,0.00012946129
24621,0.004393637
24622,0.011586577
24623,0.9999993
24624,0.00021022558
24625,0.3578869
24626,0.7994795
24627,0.00012511015
24628,0.04279387
24629,0.9999989
24630,0.9996455
24631,0.000166744
24632,0.082721144
24633,0.9999994
24634,8.4956184e-05
24635,0.99999976
24636,0.9999959
24637,0.9999916
24638,0.00019934773
24639,0.99999905
24640,0.99999857
24641,0.9999895
24642,0.99999905
24643,0.9999994
24644,0.9999985
24645,0.9999993
24646,0.68328255
24647,0.9999955
24648,0.9999989
24649,0.00051668286
24650,0.99999917
24651,0.438972
24652,0.9999987
24653,0.99409
24654,0.99999976
24655,0.99999857
24656,0.99989754
24657,0.024656951
24658,0.99999964
24659,0.9999995
24660,0.00036936998
24661,0.0001282692
24662,0.00018376112
24663,0.9999994
24664,0.00046548247
24665,0.043542147
24666,0.9881073
24667,0.0008138716
24668,0.99993396
24669,0.0008351803
24670,0.99999845
24671,0.00052535534
24672,0.99999714
24673,0.9999993
24674,0.00032013655
24675,0.00013655424
24676,0.00015345216
24677,0.0011501908
24678,5.3512405e-05
24679,0.00028288364
24680,0.99999905
24681,7.840882e-05
24682,0.9999992
24683,0.0008511245
24684,0.9999975
24685,0.9999994
24686,0.99999857
24687,0.00011656515
24688,0.9999992
24689,9.459424e-05
24690,0.0004543066
24691,0.9999877
24692,0.00011850742
24693,0.9999994
24694,0.9999992
24695,0.8464992
24696,0.99999964
24697,0.99947166
24698,0.000269413
24699,0.9999994
24700,0.9999846
24701,5.1456343e-05
24702,0.99999934
24703,0.9991095
24704,7.6829725e-05
24705,0.0001321435
24706,0.0002875924
24707,0.0035448968
24708,0.9999981
24709,0.00010959946
24710,0.99999905
24711,0.9999888
24712,0.72231555
24713,0.0065236986
24714,0.9999993
24715,0.3061031
24716,7.102492e-05
24717,0.9999976
24718,0.92596316
24719,0.99999976
24720,9.217115e-05
24721,0.10227877
24722,2.9773717e-05
24723,0.00040784478
24724,0.00013685226
24725,0.013746381
24726,0.9870964
24727,0.003409505
24728,0.9999994
24729,0.9999994
24730,0.999997
24731,0.00013652444
24732,0.99999845
24733,4.476257e-05
24734,0.9999984
24735,0.99999917
24736,0.9999809
24737,0.9999987
24738,0.9999985
24739,9.8016164e-05
24740,7.143658e-05
24741,0.38395134
24742,0.9999996
24743,0.99999964
24744,7.07122e-05
24745,0.99999964
24746,0.06426993
24747,0.00016736984
24748,0.99999964
24749,0.00010249998
24750,0.00061002374
24751,0.00012725592
24752,0.0014107525
24753,0.00037562847
24754,0.9999936
24755,5.758936e-05
24756,0.99953
24757,0.9999995
24758,0.9999989
24759,0.9099973
24760,0.00025305152
24761,0.9999631
24762,0.00034880638
24763,0.9999982
24764,0.00028026104
24765,0.9999931
24766,8.392078e-05
24767,0.0003849268
24768,8.8734174e-05
24769,0.00044074655
24770,0.00011727487
24771,3.6554848e-05
24772,0.00031217933
24773,7.093746e-05
24774,0.999999
24775,0.0016875863
24776,0.000105621235
24777,0.00011738419
24778,0.66910774
24779,0.9999995
24780,0.00034570694
24781,0.99999964
24782,5.3383344e-05
24783,6.596032e-05
24784,0.00011182967
24785,0.9999993
24786,6.540721e-05
24787,0.9969381
24788,0.9999916
24789,0.9999994
24790,3.072367e-05
24791,0.00012546778
24792,0.0840773
24793,9.962665e-05
24794,0.99999857
24795,0.9999992
24796,0.0014584959
24797,0.00042393804
24798,8.865356e-05
24799,0.9999838
24800,0.00020903349
24801,0.99999905
24802,3.9543764e-05
24803,0.9999961
24804,0.99999857
24805,0.9999939
24806,0.99999446
24807,0.00020498037
24808,0.99999964
24809,0.0003040731
24810,0.9999993
24811,0.00010996915
24812,0.99999964
24813,0.9999992
24814,0.00015053153
24815,0.99999654
24816,0.00015538931
24817,0.99999833
24818,0.9999988
24819,9.217554e-05
24820,0.99998933
24821,5.653864e-05
24822,0.99999607
24823,0.9999996
24824,0.9999995
24825,0.00018385053
24826,0.00024604797
24827,0.0007917285
24828,0.02179584
24829,6.242598e-05
24830,0.99998736
24831,0.00013017654
24832,0.000330925
24833,0.9999988
24834,0.0014013052
24835,0.99999964
24836,0.9967506
24837,0.0002233684
24838,0.9999947
24839,0.99999964
24840,0.9999994
24841,0.9999986
24842,0.99999964
24843,0.99999833
24844,0.9999931
24845,0.00011916474
24846,0.00029680133
24847,0.9999996
24848,0.00018787384
24849,0.99999684
24850,7.0431146e-05
24851,0.00011710923
24852,0.99999976
24853,0.9999975
24854,0.0004339218
24855,0.99999857
24856,0.00010346066
24857,4.8404774e-05
24858,9.7941316e-05
24859,0.00027912855
24860,0.0005390942
24861,0.029050678
24862,0.00015050173
24863,0.99999696
24864,0.9999996
24865,0.9999995
24866,0.999997
24867,0.99999905
24868,0.99999905
24869,0.0004927814
24870,0.9999996
24871,0.99999744
24872,0.0005041659
24873,0.99999857
24874,0.99999416
24875,9.915197e-05
24876,0.10891399
24877,0.99999857
24878,0.99999845
24879,0.0009949505
24880,0.99140203
24881,0.9999994
24882,0.00015577674
24883,0.00028297305
24884,0.9998865
24885,0.00014421344
24886,6.008167e-05
24887,0.9986044
24888,0.9999986
24889,0.9628786
24890,6.4405685e-05
24891,0.99999964
24892,0.00012540817
24893,0.99999505
24894,0.9999359
24895,0.9999902
24896,0.9999985
24897,0.99999875
24898,0.00010526325
24899,0.00011724411
24900,4.5499273e-05
24901,5.885315e-05
24902,0.99999785
24903,0.9999993
24904,0.981521
24905,0.0022019446
24906,0.9050521
24907,0.4782501
24908,0.028091967
24909,0.00094392896
24910,0.9999745
24911,0.99993587
24912,0.99999905
24913,0.0001309514
24914,0.99892914
24915,0.99999666
24916,0.00012519956
24917,0.00016960502
24918,0.08158946
24919,0.99999857
24920,5.5175384e-05
24921,7.44207e-05
24922,0.00013884902
24923,0.9999995
24924,0.9979354
24925,0.9999993
24926,0.9999584
24927,0.00013843179
24928,0.9999988
24929,0.0021757483
24930,0.99999857
24931,4.3789496e-05
24932,7.8604455e-05
24933,0.99999887
24934,3.357249e-05
24935,0.00022938848
24936,0.9999994
24937,0.9999902
24938,0.9999985
24939,0.0014534295
24940,7.1292634e-05
24941,8.2885665e-05
24942,0.9999994
24943,0.9999994
24944,0.9999995
24945,0.9999984
24946,0.9999989
24947,0.015298098
24948,0.999992
24949,0.00023213029
24950,0.99999934
24951,0.00010420163
24952,6.266277e-05
24953,4.9809074e-05
24954,0.00017350912
24955,0.0020971
24956,0.9999987
24957,0.9999994
24958,0.00019130111
24959,0.99995756
24960,0.9999993
24961,0.00049495697
24962,0.00042796135
24963,0.9999985
24964,0.0004748106
24965,0.00013008714
24966,0.9999715
24967,0.00010694151
24968,0.22023562
24969,0.9999994
24970,0.99999946
24971,0.00033161044
24972,0.9999901
24973,0.9990045
24974,3.224933e-05
24975,0.99999857
24976,0.0029523075
24977,6.444501e-05
24978,0.9999987
24979,0.00033709407
24980,9.185743e-05
24981,5.752097e-05
24982,0.9995044
24983,0.9999852
24984,0.99999845
24985,0.9999989
24986,4.7471163e-05
24987,0.00021260977
24988,5.4169792e-05
24989,0.99999946
24990,0.9838953
24991,0.0001424551
24992,4.7310226e-05
24993,0.9999989
24994,0.0004940927
24995,8.910024e-05
24996,0.00025457144
24997,0.0008327663
24998,0.99999857
24999,0.9999995
25000,0.49183565
25001,4.8763948e-05
25002,0.99999875
25003,0.99999714
25004,0.99999845
25005,0.9618461
25006,0.00012785196
25007,0.9999988
25008,0.0005249679
25009,0.9999976
25010,0.9999993
25011,0.8197831
25012,0.0016706288
25013,6.600071e-05
25014,0.9999981
25015,0.99999964
25016,0.00018545985
25017,0.99999964
25018,0.99999917
25019,0.047059447
25020,0.9999995
25021,0.9999958
25022,0.99999875
25023,2.8149725e-05
25024,0.9999995
25025,0.99999857
25026,0.14223844
25027,0.9999987
25028,0.999999
25029,0.0001924634
25030,0.30769315
25031,0.9999996
25032,0.00010065107
25033,8.683784e-05
25034,5.5881756e-05
25035,0.9999989
25036,0.00028654933
25037,0.000425905
25038,0.9980345
25039,0.99999976
25040,0.00010068112
25041,5.424749e-05
25042,0.99999964
25043,0.0018933117
25044,0.00029963255
25045,0.023397297
25046,0.9999994
25047,0.99999845
25048,0.00016516447
25049,0.9999995
25050,0.99999124
25051,0.99999833
25052,0.00022310019
25053,0.0003850162
25054,0.9999994
25055,0.99999905
25056,0.9999994
25057,0.999999
25058,0.0026511848
25059,0.9999993
25060,0.0001193128
25061,0.99999857
25062,0.99999696
25063,0.00042060018
25064,0.9999986
25065,0.98093224
25066,0.99999946
25067,0.9999993
25068,0.9999993
25069,0.9999996
25070,0.00021058321
25071,0.9999989
25072,0.0048742294
25073,8.732183e-05
25074,0.9999995
25075,9.6194824e-05
25076,0.07166666
25077,0.186097
25078,0.0006593168
25079,0.00019192696
25080,0.0016032755
25081,0.99998987
25082,0.0025930703
25083,7.543761e-05
25084,0.99999964
25085,0.0034733415
25086,0.99999857
25087,0.9999988
25088,0.99999964
25089,0.00031343102
25090,0.9999964
25091,4.3329386e-05
25092,0.9999988
25093,0.9999369
25094,0.18681294
25095,0.99999875
25096,0.9999968
25097,0.99999666
25098,4.006209e-05
25099,4.721994e-05
25100,0.99998987
25101,0.99999857
25102,0.9999989
25103,0.0003017187
25104,0.9999994
25105,0.9999974
25106,0.0002180934
25107,0.00018954277
25108,0.99999964
25109,0.99999917
25110,0.0020751953
25111,9.501502e-05
25112,9.7424665e-05
25113,0.0009751618
25114,0.8689514
25115,0.00014352798
25116,0.00020417571
25117,0.9999995
25118,0.99999905
25119,6.2322e-05
25120,0.000100396835
25121,0.9824231
25122,0.0001667738
25123,0.99999946
25124,0.99999535
25125,0.99976087
25126,0.0004003346
25127,0.99999905
25128,0.00031483173
25129,0.46357933
25130,0.999995
25131,0.99999917
25132,0.00016319752
25133,0.00022035837
25134,0.99999976
25135,0.00094389915
25136,0.0003350973
25137,0.98774534
25138,0.9999993
25139,0.9999993
25140,0.0011886954
25141,8.126228e-05
25142,0.0012408197
25143,0.9999956
25144,0.9999862
25145,0.99999857
25146,0.00021132827
25147,0.00015819073
25148,0.00031095743
25149,0.99999756
25150,0.000100954465
25151,0.9987099
25152,0.9999994
25153,0.0016286671
25154,0.9999961
25155,4.1545623e-05
25156,0.00010044155
25157,0.0003874302
25158,0.9999782
25159,0.00018933415
25160,8.323492e-05
25161,0.9999552
25162,7.313191e-05
25163,0.0022422671
25164,0.999999
25165,0.0002554357
25166,0.00956133
25167,0.00010023114
25168,0.00045832992
25169,0.999932
25170,0.9999988
25171,0.00019142032
25172,0.9999882
25173,0.0028160214
25174,0.99996877
25175,0.00061419606
25176,4.2641477e-05
25177,0.99999857
25178,0.0344162
25179,0.9999995
25180,0.99999857
25181,0.9899579
25182,0.99996096
25183,0.00018361211
25184,0.9999908
25185,0.046120167
25186,0.9999995
25187,7.2504685e-05
25188,0.99999964
25189,0.004538238
25190,9.2166396e-05
25191,0.99999857
25192,0.9999995
25193,0.9999995
25194,0.9999993
25195,0.99999964
25196,9.29139e-05
25197,0.99999624
25198,0.83468485
25199,0.99999917
25200,0.97430915
25201,5.521065e-05
25202,0.99999857
25203,0.000101205005
25204,0.9999989
25205,0.9999995
25206,8.0531456e-05
25207,0.0004324615
25208,0.99999905
25209,5.0449155e-05
25210,0.0003745854
25211,0.00014671683
25212,0.99998987
25213,0.99999857
25214,0.99999857
25215,7.3304655e-05
25216,0.00014692545
25217,0.9999907
25218,0.9999995
25219,0.00014579296
25220,0.9999996
25221,0.99999964
25222,0.99999905
25223,0.9999995
25224,0.99999964
25225,0.0007902682
25226,0.99999857
25227,0.000108970584
25228,0.0011205971
25229,0.9999993
25230,4.6258556e-05
25231,0.00037008524
25232,0.99999815
25233,9.417739e-05
25234,0.99999905
25235,0.0006836653
25236,0.99835384
25237,0.99999756
25238,0.9999994
25239,0.99999857
25240,0.99999857
25241,0.00022408366
25242,0.00037786365
25243,0.9999993
25244,5.5526838e-05
25245,4.1496995e-05
25246,0.99999833
25247,7.304276e-05
25248,0.9999988
25249,0.00020316243
25250,0.9999923
25251,0.9999994
25252,0.99999964
25253,9.720193e-05
25254,0.0003093779
25255,0.99999934
25256,0.9990866
25257,0.8673786
25258,0.99999785
25259,8.7124106e-05
25260,0.0016000867
25261,0.0002489984
25262,0.999998
25263,0.9999316
25264,0.0005057454
25265,0.49877653
25266,0.21880871
25267,0.99999833
25268,0.00023883581
25269,0.99999917
25270,0.24341893
25271,0.0001269579
25272,0.99999857
25273,0.9999871
25274,0.00014057755
25275,0.9999981
25276,0.0007727146
25277,0.99999523
25278,0.99999815
25279,3.9741262e-05
25280,0.9999994
25281,0.9999925
25282,0.9999971
25283,0.99999857
25284,0.99998546
25285,0.00074645877
25286,0.99999857
25287,0.00026202202
25288,0.9999995
25289,0.000959903
25290,0.00016108155
25291,0.999999
25292,4.9401147e-05
25293,0.00015583634
25294,9.979963e-05
25295,0.00015106797
25296,0.9999992
25297,0.99999917
25298,0.99999964
25299,0.99999946
25300,6.470421e-05
25301,0.0007061362
25302,0.00011094396
25303,5.6415785e-05
25304,0.00012728572
25305,0.04971692
25306,0.99999857
25307,0.99999946
25308,4.648999e-05
25309,9.259748e-05
25310,0.00012478232
25311,0.9999986
25312,0.00013267994
25313,0.99999857
25314,0.9999995
25315,0.9999995
25316,0.00011013834
25317,0.99999946
25318,0.21656403
25319,0.9904425
25320,0.00021624565
25321,0.9999995
25322,5.9837846e-05
25323,0.99999833
25324,0.00077325106
25325,0.7987056
25326,0.00092822313
25327,7.148094e-05
25328,0.00016525388
25329,0.9999967
25330,0.9999996
25331,0.0027072132
25332,0.9999997
25333,0.00014141202
25334,0.0004594922
25335,0.95874345
25336,0.9999989
25337,0.9999979
25338,0.0018678308
25339,0.9999982
25340,0.00022432208
25341,0.99999964
25342,0.00042805076
25343,0.0016823709
25344,0.99836427
25345,0.99999785
25346,0.9999995
25347,0.99999976
25348,9.8151424e-05
25349,0.9999963
25350,0.9998791
25351,0.037967324
25352,0.00018265843
25353,0.99700123
25354,0.9607618
25355,0.9999988
25356,0.0004529357
25357,0.000125736
25358,0.9999993
25359,0.9999994
25360,0.99999857
25361,0.99999857
25362,0.00016319752
25363,0.99999857
25364,5.5849418e-05
25365,8.8655506e-05
25366,0.00041666627
25367,0.9999955
25368,0.0001283884
25369,7.0943075e-05
25370,0.99999934
25371,0.9999356
25372,0.00015291572
25373,0.9999985
25374,0.00037652254
25375,0.9999982
25376,0.0006695092
25377,0.9999984
25378,0.00011188418
25379,0.00027513504
25380,0.99999607
25381,7.706661e-05
25382,0.9999904
25383,0.9999995
25384,0.99999946
25385,7.017001e-05
25386,0.9999994
25387,0.99998665
25388,0.0007818639
25389,0.9999938
25390,9.125827e-05
25391,0.00013637543
25392,0.0014716089
25393,0.9999993
25394,0.00030437112
25395,0.999999
25396,0.9999747
25397,0.99999857
25398,8.9656336e-05
25399,9.579421e-05
25400,0.9999995
25401,0.9999976
25402,0.9999442
25403,0.99999964
25404,0.06607804
25405,0.99664825
25406,0.99999964
25407,2.781941e-05
25408,0.8609712
25409,0.9999992
25410,0.99999934
25411,0.00012639165
25412,0.0013770461
25413,0.9999995
25414,0.00569582
25415,0.9999994
25416,0.9999852
25417,0.00018802285
25418,6.5771375e-05
25419,4.1637686e-05
25420,0.9999989
25421,0.9999986
25422,0.9932239
25423,0.00017881393
25424,0.99999964
25425,6.0346516e-05
25426,0.99999917
25427,0.9999994
25428,0.9999996
25429,0.9999997
25430,0.99999905
25431,0.9999989
25432,0.00031971931
25433,0.9999461
25434,0.00058197975
25435,0.9999764
25436,0.000121759935
25437,0.99999857
25438,0.99995816
25439,0.00013485551
25440,0.9999995
25441,5.4223856e-05
25442,0.0008338392
25443,6.086583e-05
25444,0.00010532119
25445,0.99999857
25446,0.00028285384
25447,0.99999857
25448,0.00023257732
25449,0.00017806888
25450,0.00043329597
25451,0.99855137
25452,9.672977e-05
25453,0.9974736
25454,0.00433594
25455,8.8116634e-05
25456,0.0001655221
25457,0.9999993
25458,0.99999917
25459,0.9999882
25460,0.003118515
25461,0.999999
25462,6.0601426e-05
25463,0.99999416
25464,0.99990314
25465,0.00057658553
25466,0.99999857
25467,0.00013306737
25468,0.9994806
25469,0.00011371516
25470,0.9998858
25471,0.9999725
25472,7.21187e-05
25473,0.00019106269
25474,0.9999996
25475,0.99999917
25476,0.00012540817
25477,0.99696565
25478,4.724021e-05
25479,0.0008315444
25480,0.99999964
25481,0.99999964
25482,0.99999833
25483,0.9999987
25484,0.004993409
25485,0.99999857
25486,0.9999745
25487,0.9999996
25488,0.00010840764
25489,0.00019651651
25490,0.9999981
25491,0.9999995
25492,0.99999726
25493,0.0001681149
25494,0.00014606118
25495,0.9999985
25496,0.99999857
25497,0.9999547
25498,0.9999994
25499,0.99999857
25500,0.00022566319
25501,6.3793836e-05
25502,0.98841625
25503,0.9999979
25504,0.00010140528
25505,0.9999958
25506,0.9999995
25507,0.9999994
25508,0.0037162304
25509,0.91302013
25510,0.99999857
25511,0.99999964
25512,0.99999845
25513,0.99999905
25514,0.9997333
25515,0.016772121
25516,0.9999993
25517,0.0001222752
25518,0.000103199025
25519,0.9999989
25520,0.9964663
25521,0.00036221743
25522,0.99999005
25523,0.00013113022
25524,0.9999983
25525,0.0014508963
25526,0.9999982
25527,0.00044190884
25528,4.1121988e-05
25529,0.9999994
25530,0.00010288918
25531,0.00018361211
25532,0.99997056
25533,0.00033679605
25534,0.99999815
25535,0.99999905
25536,0.9999968
25537,0.000372231
25538,0.99999964
25539,9.66654e-05
25540,0.721072
25541,0.9999992
25542,9.785328e-05
25543,0.999998
25544,0.9999995
25545,0.001275152
25546,0.9999938
25547,0.9999994
25548,0.00019174814
25549,0.9999991
25550,0.00010160692
25551,0.9999993
25552,5.4355416e-05
25553,0.00013250113
25554,0.00010722858
25555,9.863204e-05
25556,0.99999917
25557,8.546644e-05
25558,0.999999
25559,0.9999994
25560,0.00023582578
25561,0.9999925
25562,0.99441946
25563,0.0052624345
25564,0.023313642
25565,9.4668154e-05
25566,0.99999905
25567,5.0485105e-05
25568,0.9975791
25569,0.99999714
25570,0.9999995
25571,0.00036609173
25572,0.99999946
25573,0.99768156
25574,0.0006040931
25575,0.99999976
25576,0.9999996
25577,0.9999995
25578,0.00014126301
25579,0.99999905
25580,0.9999733
25581,0.9999995
25582,0.00012660027
25583,0.91781795
25584,0.9999995
25585,0.000119125536
25586,0.00035348535
25587,0.9999995
25588,7.643567e-05
25589,0.036351383
25590,0.0003324747
25591,0.9999422
25592,0.9999987
25593,7.189031e-05
25594,0.000415802
25595,0.99999946
25596,0.00047403574
25597,0.9999996
25598,0.99999803
25599,0.016269237
25600,0.9999909
25601,0.9999881
25602,0.0010463595
25603,0.99996066
25604,0.99909914
25605,0.00013390183
25606,0.000102049555
25607,7.0977316e-05
25608,0.99999464
25609,0.99999857
25610,0.0011616945
25611,0.99999446
25612,0.999999
25613,0.00021255016
25614,0.99999857
25615,0.0002605915
25616,5.790266e-05
25617,0.9999988
25618,0.0034927726
25619,0.00021278858
25620,0.9999995
25621,0.00020927191
25622,0.99999917
25623,0.9999901
25624,0.9999851
25625,0.99999964
25626,0.9943672
25627,0.9999987
25628,0.06513178
25629,0.6273653
25630,0.99999857
25631,0.9999994
25632,0.9999993
25633,0.9999995
25634,0.9999974
25635,0.9999995
25636,0.999997
25637,0.0003631413
25638,0.00024950504
25639,0.99999857
25640,0.9999374
25641,0.015911013
25642,7.263881e-05
25643,0.9999989
25644,5.19964e-05
25645,0.99999857
25646,0.99984473
25647,0.00013202429
25648,0.0022606254
25649,0.9999978
25650,0.0004143119
25651,0.0003797412
25652,0.99999666
25653,0.9986016
25654,0.0007441342
25655,0.0003298223
25656,0.9999906
25657,0.0009716749
25658,0.99999905
25659,0.0006146431
25660,0.00049963593
25661,0.00010545336
25662,0.99986434
25663,0.9999993
25664,0.6254803
25665,0.11248708
25666,0.9999995
25667,0.00079625845
25668,0.00021526217
25669,0.00034159422
25670,0.00014489889
25671,0.00013178587
25672,0.9999825
25673,0.0015729368
25674,0.0002606511
25675,0.000113293325
25676,8.4562285e-05
25677,0.0017661452
25678,0.9999988
25679,0.0007433295
25680,4.159248e-05
25681,0.9999861
25682,0.9999995
25683,0.0014412105
25684,7.913351e-05
25685,0.9999989
25686,0.99999857
25687,0.00011248685
25688,0.99999547
25689,2.1427275e-05
25690,6.3430576e-05
25691,0.00017017126
25692,0.0015434623
25693,0.0013256669
25694,0.9999995
25695,0.99999785
25696,0.0008843839
25697,0.999974
25698,0.00047504902
25699,0.9999973
25700,0.007864386
25701,8.831249e-05
25702,0.9999986
25703,0.00031393766
25704,0.0016948283
25705,0.0006684661
25706,0.99999976
25707,0.0015306175
25708,0.99999887
25709,0.9999988
25710,0.6158656
25711,0.9999986
25712,0.99999803
25713,9.901807e-05
25714,0.9999745
25715,0.9999335
25716,9.131259e-05
25717,0.99999875
25718,0.9999993
25719,0.00017949939
25720,0.99998486
25721,0.00013875961
25722,0.23971418
25723,0.00053322315
25724,0.99999857
25725,0.99998736
25726,0.0021363199
25727,0.00015097857
25728,5.9393933e-05
25729,0.9999987
25730,0.9999995
25731,0.9999995
25732,0.99999857
25733,0.0006648302
25734,0.99999666
25735,4.441791e-05
25736,8.639245e-05
25737,0.99999857
25738,3.442411e-05
25739,0.999923
25740,0.9999992
25741,0.00012663007
25742,0.00016742945
25743,0.99999595
25744,0.0002810955
25745,9.342213e-05
25746,0.04568851
25747,0.9999989
25748,0.0007633865
25749,0.00016728044
25750,0.9999989
25751,0.9999993
25752,0.99999905
25753,0.9999993
25754,0.9999988
25755,0.99999857
25756,0.99995685
25757,0.99999964
25758,0.00015991926
25759,0.00017884374
25760,7.733726e-05
25761,0.99999857
25762,0.999976
25763,0.99999857
25764,0.99998987
25765,5.77145e-05
25766,0.00011680718
25767,0.99999756
25768,0.99999857
25769,0.9999994
25770,0.99127793
25771,0.0003221333
25772,0.99999964
25773,0.0001617372
25774,7.602434e-05
25775,0.0034441948
25776,7.005207e-05
25777,5.581497e-05
25778,0.00011678725
25779,0.0028990805
25780,0.944575
25781,9.171396e-05
25782,0.9999995
25783,0.9999202
25784,0.00024694204
25785,8.1883234e-05
25786,0.000118299424
25787,0.9999944
25788,0.8758784
25789,0.99999785
25790,0.00019803643
25791,0.99999875
25792,0.010927469
25793,0.9999996
25794,0.0005275607
25795,0.00049978495
25796,0.0047293305
25797,0.9999993
25798,0.0075902343
25799,0.99999964
25800,0.99999845
25801,0.00021275878
25802,0.999999
25803,9.4694245e-05
25804,0.0016371608
25805,0.000523597
25806,0.65535706
25807,0.9999989
25808,0.9999995
25809,0.07136661
25810,0.9999996
25811,0.99999833
25812,0.9999993
25813,3.9585007e-05
25814,0.9999996
25815,0.9999994
25816,0.0001963377
25817,0.98541206
25818,0.9999981
25819,0.7956965
25820,0.9999994
25821,0.00011190446
25822,0.99999857
25823,0.00021615624
25824,0.9999963
25825,0.9999988
25826,0.9999394
25827,9.3812465e-05
25828,0.0054756105
25829,2.2620578e-05
25830,4.7163052e-05
25831,0.99998724
25832,0.0013018548
25833,7.17974e-05
25834,8.3404004e-05
25835,0.019294411
25836,0.99999726
25837,3.677068e-05
25838,0.00010377272
25839,6.33773e-05
25840,9.040865e-05
25841,7.110177e-05
25842,0.690696
25843,0.9999994
25844,0.999997
25845,0.9999985
25846,0.99997675
25847,9.179517e-05
25848,7.858541e-05
25849,0.9998239
25850,0.80492085
25851,0.0006506741
25852,0.025603145
25853,0.9999994
25854,5.153251e-05
25855,5.1199015e-05
25856,0.00010150048
25857,0.9999541
25858,7.252245e-05
25859,0.00026464462
25860,0.00013303757
25861,0.9999871
25862,0.0009914339
25863,0.99559176
25864,7.637839e-05
25865,0.009137064
25866,0.99999857
25867,0.9999973
25868,0.00030690432
25869,0.9999996
25870,8.0679354e-05
25871,0.99998796
25872,0.00013190508
25873,0.9952426
25874,0.55042076
25875,0.7730689
25876,0.00011639519
25877,0.0026970804
25878,0.00013533235
25879,2.4975165e-05
25880,6.682299e-05
25881,0.009201646
25882,0.00018545985
25883,0.002961278
25884,0.043405056
25885,0.99998933
25886,0.9999988
25887,0.99876505
25888,0.99999756
25889,0.9999993
25890,0.99999857
25891,0.9999993
25892,0.9999989
25893,0.004940331
25894,6.599493e-05
25895,0.99999905
25896,0.99978995
25897,0.0009846091
25898,0.9999967
25899,0.99999905
25900,0.9999996
25901,0.00023531914
25902,0.99999964
25903,0.00015893579
25904,0.00011285164
25905,0.999997
25906,7.4892385e-05
25907,7.5708165e-05
25908,0.9899257
25909,0.99999857
25910,5.242251e-05
25911,2.9017518e-05
25912,0.9999986
25913,0.0013411045
25914,0.9999988
25915,0.9999996
25916,0.9999994
25917,0.99999917
25918,0.9999449
25919,0.999996
25920,0.9999996
25921,0.9999938
25922,0.9999995
25923,0.1685395
25924,0.0061483383
25925,0.00030586123
25926,0.01660344
25927,0.9999578
25928,6.3356216e-05
25929,0.9999994
25930,8.374489e-05
25931,0.014525056
25932,0.98778594
25933,8.390637e-05
25934,0.0018470585
25935,0.9999994
25936,0.99999964
25937,0.9999993
25938,0.00043785572
25939,6.1028113e-05
25940,0.9999981
25941,0.999854
25942,0.0001270771
25943,0.999999
25944,0.9999994
25945,0.11156681
25946,0.99999
25947,0.99999714
25948,0.00424698
25949,0.00027275085
25950,0.99999285
25951,0.99999857
25952,0.9999974
25953,0.0012847781
25954,0.99999875
25955,0.00044694543
25956,8.762765e-05
25957,0.00019475818
25958,0.99999595
25959,0.99999905
25960,6.506211e-05
25961,0.50112027
25962,0.0007996261
25963,0.98866576
25964,0.00929305
25965,0.0010641515
25966,0.000109288536
25967,0.9999995
25968,0.0005723238
25969,8.9104666e-05
25970,0.99999964
25971,0.00020250678
25972,0.99999857
25973,0.11840278
25974,0.99999726
25975,0.0003747344
25976,0.00017225742
25977,0.00069049
25978,7.8697085e-05
25979,0.0001159675
25980,0.0027510524
25981,0.99999267
25982,0.999999
25983,7.7073004e-05
25984,0.014412791
25985,0.0009071231
25986,0.99999875
25987,0.00032231212
25988,0.0006264746
25989,0.9998107
25990,0.00033140182
25991,0.052714556
25992,0.99999917
25993,0.0006465912
25994,0.00028780103
25995,0.00020855665
25996,0.0033679008
25997,6.511127e-05
25998,0.9999976
25999,0.00023409724
